"https://www.angara.com",
"https://diamondsbyrothschild.com",
"https://www.finerblack.com",
"https://www.markbroumand.com/",
"https://www.mensrings.co/",
"https://www.mensweddingbands.io/",
"https://www.mensweddingrings.us/",
"https://www.meteoriterings.co/",
"https://playwithdiamonds.com/",
"https://www.smartwatch-straps.co.uk/",
"https://www.woodchronos.com/",
"https://www.bikerringshop.com",
"https://www.butlerandwilson.co.uk/",
"http://www.creativehandnepal.com",
"https://www.diamdb.com/",
"https://www.ditur.dk/",
"https://www.emmaandroe.com.au/",
"https://www.fragments.com/",
"https://www.gs-jj.com",
"https://www.copperreflections.com/",
"https://www.hermj.com/",
"https://www.jewelluna.com",
"http://www.jewelrybund.com",
"http://www.jewelrykind.com",
"http://www.ordersiliconebracelets.com",
"https://prjewel.com/",
"https://www.body-piercing.com",
"https://www.secondhandgoldbuyer.co.in/",
"https://www.stonesandsilver.co.uk/",
"https://stylemyoutfit.com/jewellery.html",
"https://www.thediamondringcompany.co.uk/",
"https://www.georgianjewelry.com/",
"https://www.wholesalefashionsquare.com",
"https://www.gavick.com/",
"https://www.hotjoomlatemplates.com/",
"https://www.joomla-monster.com/",
"https://www.joomladesigns.co.uk/",
"https://www.joomlart.com/",
"https://www.templatemonster.com/",
"https://www.youjoomla.com/joomla-templates.html",
