"https://dubaipools.ae/",
"https://discoverdesertsafari.com",
"https://britmovietours.com",
"https://casinosenzadocumenti.net/",
"https://www.dacemotorgroup.co.uk/",
"https://fab4taxitours.com/",
"https://www.globalinvestigations.co.uk/",
"https://www.lockingwheelnutremovers.co.uk",
"https://london-privatedetectives.co.uk/",
"https://nextwheelstyres.com/mobile-tyre-fitting-gloucester/",
"https://www.nongamstopbets.com/",
"https://privateinvestigationsuk.net/",
"https://privateinvestigator.co.uk/west-midlands/birmingham/",
"https://privateinvestigator-cambridge.co.uk",
"https://privateinvestigator.co.uk/city-of-glasgow/glasgow/",
"https://www.the-insurance-surgery.co.uk/",
"https://www.toilets.co.uk/",
"https://nextwheelstyres.com/",
"https://www.lightdrinks.co.uk",
"http://www.bjscaffolding.com",
"https://www.st-andrews.ac.uk/csear/",
"https://www.dysoncentre.com/",
"https://www.ellenmacarthurfoundation.org/",
"http://www.ethicalcorp.com/",
"https://www.functioncentral.co.uk/",
"https://www.gov.uk/",
"https://www.heritage.org/index/country/unitedkingdom",
"https://www.inkinddirect.org/",
"https://www.lastminutemusicians.com/",
"https://www.orionpackaging.co.uk/",
"https://polkaspots.com/",
"https://revealpi.com/",
"https://www.sidneyhotel.com",
"https://www.silverimagelondon.com",
"https://www.ukbridgingloans.uk",
"https://valaisblacknosesheepcheshire.co.uk/",
"https://www.cerrajerometropr.com",
"https://www.southernimagingcopiers.com/",
"https://viplimopr.com",
"https://www.aam-us.org/",
"https://www.rentalimo.com/",
"https://teenchallengeschools.com/",
"https://www.loa.org/",
"http://usgenweb.org/",
"https://www.tucerrajeropr.com/",
"https://www.justice.gov/",
"https://www.usatoday.com/",
"https://www.usa.gov/",
"https://www.usembassy.gov/",
"https://en.wikipedia.org/wiki/United_States",
"https://astronautscholarship.org/",
"https://imagine.gsfc.nasa.gov/",
"http://www.spacefuture.com/",
"https://www.universetoday.com/",
"https://www.windows2universe.org/",
"https://www.factmonster.com/",
"https://www.autoinsuresavings.org/utah-cheapest-car-insurance/",
"https://www.ecocarpetutah.com/",
"https://www.ecocarpetutah.com/",
"https://stillwateracademy.org",
"https://www.uaesp.org/",
"https://www.visitutah.com/",
"https://www.utah.gov/index.html",
"https://www.vgplasticsurgery.com",
"https://marriagequest.org/",
"https://www.irvinebankruptcylaw.com/",
"https://www.philadelphiacommercialappraisers.com",
"https://www.dhcoit.co.uk/",
"https://www.drain247.co.uk/",
"https://www.mickelsendalton.com/",
"https://democrawonk.com",
"https://www.odysseynewmedia.com/",
"https://www.visionsbyconcrete.com/",
"https://www.masterpiecepavers.com/",
"https://www.pbgrentacar.gr/",
"https://midwestsupplyus.com/",
"https://controlpestmanagement.com.au/locations/brisbane-pest-control/",
"https://www.newarkcommercialappraisers.com",
"https://www.jeffersoncommercialappraisers.com",
"https://www.drryanstanton.com/",
"https://www.bryanarmijomd.com/",
"https://www.tucsoncommercialappraisers.com",
"https://www.elpasocommercialappraisals.com",
"https://www.apnic.net/",
"https://en.wikipedia.org/wiki/Asia",
"https://en.wikipedia.org/wiki/Europe",
"https://www.nationalgeographic.com/",
"https://library.novascotia.ca/",
"https://www.bankweb.com/",
"https://www.ccr-zkr.org/",
"https://www.eu-japan.eu/",
"https://www.eurodns.com/",
"https://www.nyttigbras.dk/",
"https://www.britishempire.co.uk/",
"https://www.trackerintelligence.com/",
"https://www.unece.org/",
"https://en.wikipedia.org/wiki/Europe",
"https://www.entertainment-nation.co.uk/wedding-bands",
"https://www.sahgb.org.uk/",
"https://www.truesoundhire.co.uk/",
"https://2hssl.com/",
"https://www.breakdownrecoverybolton.co.uk/",
"https://www.dhcoit.co.uk/",
"https://www.drivingdefences.co.uk/drug-driving/",
"https://lawsonautotech.co.uk/",
"http://www.aautolocksmith.co.uk",
"https://www.autoadvance.co.uk/",
"https://www.blueprintpromo.co.uk/",
"https://www.bitc.org.uk/",
"https://www.buypromoproducts.co.uk/",
"https://www.carcashpoint.co.uk",
"https://www.cliffordfryandco.com/",
"https://www.companieshouse.co.uk/",
"https://www.driving-school-bedford.co.uk/",
"https://www.gov.uk/browse/business",
"https://www.lacomms.com/",
"https://www.mpcservices.co.uk/",
"https://www.palletracking-uk.co.uk/",
"https://realbusiness.co.uk/",
"https://speedytests.co.uk",
"https://www.ukbridgingloans.uk/",
"https://www.uksafetyfootwear.com/",
"https://www.varooma.com/",
"http://www.weldbank.co.uk",
"http://britbrats.tripod.com/",
"http://www.thebild.org/",
"http://harboroughtutors.co.uk",
"https://www.nationalcollege.org.uk/",
"http://podcast.open.ac.uk/",
"http://www.open.edu/openlearn/",
"https://www.teachingtimes.com/",
"https://www.goodschoolsguide.co.uk/",
"https://www.thestudentroom.co.uk/",
"http://www.ukprivateschools.com/",
"https://www.gov.uk/",
"https://www.ombudsman.org.uk/",
"https://publicappointmentscommissioner.independent.gov.uk/",
"https://www.writetothem.com/",
"https://www.fitstraps.co.uk",
"https://www.totalmsk.co.uk",
"https://www.alphabiolabs.co.uk/",
"https://www.bfsweb.org/",
"https://www.care-dental-implants.co.uk/",
"https://www.londec.co.uk/",
"https://www.physio-answers.co.uk/",
"https://www.jenner.ac.uk/",
"https://www.alanhandyman.co.uk",
"https://www.drain365.co.uk/",
"https://www.ecosashandcase.co.uk/",
"https://energizeelectrical.co.uk/",
"https://nucrete.co.uk",
"https://www.aaaclean.co.uk/carpet-cleaning/maidstone/",
"https://www.adjustablebedfactory.com/",
"http://www.amycleaning.co.uk/",
"https://www.aqualift.uk.com/",
"http://avantgardening.org/",
"https://www.bes.co.uk/",
"http://www.paintersanddecoratorsbedford.co.uk",
"http://www.building-supplies-online.co.uk",
"https://caelumcontracts.com/",
"http://www.carltonservices.co.uk",
"https://www.carpetbright.uk.com/carpet-cleaning/fulham/",
"https://www.carpetbright.uk.com/carpet-cleaning/london/",
"http://www.cleanersregister.com/",
"https://www.emergencyplumber.uk.com/",
"https://www.leicester-roofer.co.uk/",
"https://www.farmseeds.co.uk/",
"https://www.friendlycleaners.co.uk/",
"http://www.ginkgogardens.co.uk",
"https://www.handymanservicelondon.co.uk/",
"http://www.jameswaste.co.uk",
"https://www.jfjwoodflooring.co.uk/engineered-oak-flooring",
"https://www.leedsplumbers.org/",
"https://www.peninsulagrouplimited.com/",
"https://www.regencytimberbuildings.co.uk/",
"https://www.sapcotegc.co.uk/",
"https://www.housesitters.co.uk/",
"https://www.reclinerfactory.com/",
"https://www.timberzone.co.uk/",
"https://www.expertsources.co.uk/",
"http://www.journalistsforum.com/",
"http://www.videoimageprod.co.uk",
"https://www.hybridresi.com/",
"https://www.acandco.com/",
"https://www.asksusan.org.uk/",
"https://www.holdencopley.co.uk/",
"https://www.repossession-stoppers.com/",
"https://www.lodgesincheshire.co.uk/",
"https://www.workspace.co.uk/",
"https://www.nya.co.uk/",
"https://www.arsenal.com/home",
"https://www.boisdale.co.uk/",
"https://www.boisdale.co.uk/",
"https://www.bostonseeds.com/",
"https://www.britishathletes.org/",
"http://www.blmra.co.uk/",
"https://www.cssc.co.uk/",
"https://www.fitnessguides.co.uk",
"https://www.pdsa.org.uk/",
"https://www.sportandrecreation.org.uk/",
"https://www.onlinecodes.com",
"https://westbasedirect.com",
"https://www.ahume.co.uk/",
"https://www.aquascutum.co.uk/",
"http://www.asos.com/",
"https://www.belmontautos.co.uk/",
"https://bombaystores.biz/",
"https://www.cherrytreecountryclothing.com/",
"https://www.continentaltextiles.co.uk/",
"https://www.cottontraders.com/",
"https://www.djtees.com/",
"http://www.homedomestics.co.uk",
"https://www.partyandbeauty.co.uk/",
"https://www.ewm.co.uk/",
"https://www.electricalcounter.co.uk/",
"https://www.themarblestore.co.uk/",
"https://www.trespass.com/",
"https://www.uk-car-discount.co.uk/",
"https://willowbrook.co.uk/",
"https://www.prepurchaseinspections.co.uk",
"https://www.albion-trust.org.uk/",
"https://www.focustransport.org.uk/",
"https://www.parkat.co.uk/",
"http://www.premierprotectionsupplies.co.uk",
"https://www.armcobarriersupplies.co.uk/",
"https://www.destinationsshow.com/",
"https://www.holidaytruths.co.uk/",
"https://www.secretescapes.com/",
"https://www.stayincornwall.co.uk/",
"https://www.treasurehouses.co.uk/",
"https://www.toilets.co.uk/",
"https://nextwheelstyres.com/",
"https://www.lightdrinks.co.uk",
"http://www.bjscaffolding.com",
"https://www.st-andrews.ac.uk/csear/",
"https://www.dysoncentre.com/",
"https://www.ellenmacarthurfoundation.org/",
"http://www.ethicalcorp.com/",
"https://www.functioncentral.co.uk/",
"https://www.gov.uk/",
"https://www.heritage.org/index/country/unitedkingdom",
"https://www.inkinddirect.org/",
"https://www.toilets.co.uk/",
"https://nextwheelstyres.com/",
"https://www.lightdrinks.co.uk",
"http://www.bjscaffolding.com",
"https://www.st-andrews.ac.uk/csear/",
"https://www.dysoncentre.com/",
"https://www.ellenmacarthurfoundation.org/",
"http://www.ethicalcorp.com/",
"https://www.functioncentral.co.uk/",
"https://www.gov.uk/",
"https://www.heritage.org/index/country/unitedkingdom",
"https://www.inkinddirect.org/",
"https://www.toilets.co.uk/",
"https://nextwheelstyres.com/",
"https://www.lightdrinks.co.uk",
"http://www.bjscaffolding.com",
"https://www.st-andrews.ac.uk/csear/",
"https://www.dysoncentre.com/",
"https://www.ellenmacarthurfoundation.org/",
"http://www.ethicalcorp.com/",
"https://www.functioncentral.co.uk/",
"https://www.gov.uk/",
"https://www.heritage.org/index/country/unitedkingdom",
"https://www.inkinddirect.org/",
"https://www.toilets.co.uk/",
"https://nextwheelstyres.com/",
"https://www.lightdrinks.co.uk",
"http://www.bjscaffolding.com",
"https://www.st-andrews.ac.uk/csear/",
"https://www.dysoncentre.com/",
"https://www.ellenmacarthurfoundation.org/",
"http://www.ethicalcorp.com/",
"https://www.functioncentral.co.uk/",
"https://www.gov.uk/",
"https://www.heritage.org/index/country/unitedkingdom",
"https://www.inkinddirect.org/",
"https://www.lastminutemusicians.com/",
"https://www.orionpackaging.co.uk/",
"https://polkaspots.com/",
"https://revealpi.com/",
"https://www.sidneyhotel.com",
"https://www.silverimagelondon.com",
"https://www.ukbridgingloans.uk",
"https://valaisblacknosesheepcheshire.co.uk/",
"https://www.lastminutemusicians.com/",
"https://www.orionpackaging.co.uk/",
"https://polkaspots.com/",
"https://revealpi.com/",
"https://www.sidneyhotel.com",
"https://www.silverimagelondon.com",
"https://www.ukbridgingloans.uk",
"https://valaisblacknosesheepcheshire.co.uk/",
"https://www.lastminutemusicians.com/",
"https://www.orionpackaging.co.uk/",
"https://polkaspots.com/",
"https://revealpi.com/",
"https://www.sidneyhotel.com",
"https://www.silverimagelondon.com",
"https://www.ukbridgingloans.uk",
"https://valaisblacknosesheepcheshire.co.uk/",
"https://www.toilets.co.uk/",
"https://nextwheelstyres.com/",
"https://www.lightdrinks.co.uk",
"http://www.bjscaffolding.com",
"https://www.st-andrews.ac.uk/csear/",
"https://www.dysoncentre.com/",
"https://www.ellenmacarthurfoundation.org/",
"http://www.ethicalcorp.com/",
"https://www.functioncentral.co.uk/",
"https://www.gov.uk/",
"https://www.heritage.org/index/country/unitedkingdom",
"https://www.inkinddirect.org/",
"https://www.toilets.co.uk/",
"https://nextwheelstyres.com/",
"https://www.lightdrinks.co.uk",
"http://www.bjscaffolding.com",
"https://www.st-andrews.ac.uk/csear/",
"https://www.dysoncentre.com/",
"https://www.ellenmacarthurfoundation.org/",
"http://www.ethicalcorp.com/",
"https://www.functioncentral.co.uk/",
"https://www.gov.uk/",
"https://www.heritage.org/index/country/unitedkingdom",
"https://www.inkinddirect.org/",
"https://www.toilets.co.uk/",
"https://nextwheelstyres.com/",
"https://www.lightdrinks.co.uk",
"http://www.bjscaffolding.com",
"https://www.st-andrews.ac.uk/csear/",
"https://www.dysoncentre.com/",
"https://www.ellenmacarthurfoundation.org/",
"http://www.ethicalcorp.com/",
"https://www.functioncentral.co.uk/",
"https://www.gov.uk/",
"https://www.heritage.org/index/country/unitedkingdom",
"https://www.inkinddirect.org/",
"https://www.toilets.co.uk/",
"https://nextwheelstyres.com/",
"https://www.lightdrinks.co.uk",
"http://www.bjscaffolding.com",
"https://www.st-andrews.ac.uk/csear/",
"https://www.dysoncentre.com/",
"https://www.ellenmacarthurfoundation.org/",
"http://www.ethicalcorp.com/",
"https://www.functioncentral.co.uk/",
"https://www.gov.uk/",
"https://www.heritage.org/index/country/unitedkingdom",
"https://www.inkinddirect.org/",
"https://www.vgplasticsurgery.com",
"https://marriagequest.org/",
"https://www.irvinebankruptcylaw.com/",
"https://www.philadelphiacommercialappraisers.com",
"https://www.dhcoit.co.uk/",
"https://www.drain247.co.uk/",
"https://www.mickelsendalton.com/",
"https://democrawonk.com",
"https://www.odysseynewmedia.com/",
"https://www.visionsbyconcrete.com/",
"https://www.masterpiecepavers.com/",
"https://www.pbgrentacar.gr/",
"https://midwestsupplyus.com/",
"https://controlpestmanagement.com.au/locations/brisbane-pest-control/",
"https://www.newarkcommercialappraisers.com",
"https://www.jeffersoncommercialappraisers.com",
"https://www.drryanstanton.com/",
"https://www.bryanarmijomd.com/",
"https://www.tucsoncommercialappraisers.com",
"https://www.elpasocommercialappraisals.com",
"https://www.apnic.net/",
"https://en.wikipedia.org/wiki/Asia",
"https://en.wikipedia.org/wiki/Europe",
"https://www.nationalgeographic.com/",
"https://library.novascotia.ca/",
"http://www.alpa.org/",
"https://www.arlisna.org/",
"https://www.arlisna.org/",
"https://www.butterfliesandmoths.org/",
"https://www.cpwr.com/",
"https://dovestones.com",
"https://www.rentalimo.com/",
"https://www.pbs.org/",
"https://www.umwa.org/",
"https://www.ufw.org/",
"https://en.wikipedia.org/wiki/North_America",
"http://www.alabamagifted.org/",
"https://www.alabamapress.org/",
"http://www.alsportscapital.com/",
"http://www.magiccityart.com/",
"http://www.theroselawfirmllc.com",
"https://www.ua.edu/",
"https://en.wikipedia.org/wiki/Alabama",
"https://www.autoinsuresavings.org/alaska-cheapest-car-insurance/",
"http://aasg.org/",
"https://akvoice.org/",
"http://alaskadesignforum.org/",
"https://www.alsc-law.org/",
"http://arcticman.com/",
"https://www.alaska.gov/",
"https://www.travelalaska.com/",
"https://en.wikipedia.org/wiki/Alaska",
"https://firstresponsehvacaz.com/",
"https://www.azhurtonthejob.com/",
"https://www.asu.edu/",
"https://www.sch.org/",
"https://www.phoenixautoglasstinting.com/",
"https://pressurepowerpros.com/",
"https://arrowheadlodgerecovery.com/",
"https://en.wikipedia.org/wiki/Arizona",
"http://www.ahsaa.org/",
"http://www.arkansasarts.org/",
"https://www.arkforests.org/",
"https://www.agfc.com/",
"http://www.arjazz.org/",
"https://www.arkansas.com/",
"http://www.fairoaksmfg.com/",
"http://www.historicarkansas.org/",
"http://www.keeparkansasbeautiful.com/",
"https://en.wikipedia.org/wiki/Arkansas",
"https://www.wildwildernessdrivethroughsafari.com/",
"https://arthurglosmandds.com/",
"https://www.infinitypropertyservices.com/",
"https://www.odomlawgroup.com/",
"https://www.salinbakersfielddentist.com/",
"https://seamlessrainguttersinc.com/",
"https://doremidoor.com",
"https://www.drmaddahi.com/",
"https://anjtowing.com/",
"https://www.mlocksmith-sacramento.com/",
"https://towlongbeach.com/",
"https://handotowing.com/",
"https://towcarlsbad.com/",
"https://www.losangeles-ads.com/",
"https://palmwaytowing.com/",
"https://perlmanclinic.com/",
"http://www.wehatejail.com",
"http://www.solarponics.com",
"https://super-towing.com/",
"https://www.albertchowdds.com/",
"https://newwaytowing.com/",
"https://www.universityofcalifornia.edu/",
"https://en.wikipedia.org/wiki/California",
"https://brightonroofingcontractors.com/",
"https://www.radonmitigationfortcollins.com",
"https://www.casb.org/",
"https://coloradomusic.org/",
"https://www.pilatesinthepines.com/",
"https://www.injurylawcolorado.com/",
"https://www.denverpost.com/",
"https://www.colorado.edu/",
"https://en.wikipedia.org/wiki/Colorado",
"https://www.ctccc.net/",
"https://postroadstages.com/",
"https://www.webservicesct.com/",
"https://en.wikipedia.org/wiki/Connecticut",
"https://www.yale.edu/",
"http://www.dcjustice.org/",
"http://www.drba.net/",
"https://www.visitdelaware.com/",
"https://delaware.gov/",
"https://www.faithfulfriends.us/",
"https://www.hollylakecampsites.com/",
"http://hughesdesigninc.com/",
"https://en.wikipedia.org/wiki/Delaware",
"https://www.allaboutwomenmd.com/",
"https://www.jacksonvilleconcretepavers.com/",
"https://lewisvilleroofingcompanytx.com/",
"https://ocalaroofingcontractor.com/",
"https://lawgina.com",
"https://www.beneva.com/",
"https://www.altamontedentist.com/",
"https://www.ffea.com/",
"https://www.hfuw.org/",
"http://www.mobilemiamilocksmith.com/",
"https://www.verobeachartclub.org/",
"https://en.wikipedia.org/wiki/Florida",
"https://www.autoinsuresavings.org/georgia-cheapest-car-insurance/",
"https://www.cviog.uga.edu/",
"https://chepesmexicangrill.com/",
"https://www.georgiaaquarium.org/",
"http://www.gafsc.org/",
"http://www.leeinsurancesales.com",
"http://magnoliaestates.com/",
"http://www.georgiaencyclopedia.org/",
"http://www.tigerwine.com/",
"https://en.wikipedia.org/wiki/Georgia_(U.S._state)",
"https://www.autoinsuresavings.org/hawaii-cheapest-car-insurance/",
"https://www.reynspooner.com/",
"https://www.sandaltree.com/",
"https://www.surfnewsnetwork.com/",
"https://www.hawaii.edu/",
"https://en.wikipedia.org/wiki/Hawaii",
"https://www.autoinsuresavings.org/idaho-cheapest-car-insurance/",
"https://www.mlmlaw.com/index.html",
"https://www.idsba.org/",
"https://en.wikipedia.org/wiki/Idaho",
"https://napervilleclassictowing.com/",
"https://www.plumberskokie.com/",
"https://www.wholesome360.com",
"http://www.greatriverroad-illinois.org/",
"https://www.northwestern.edu/",
"http://www.vppackaging.com/",
"https://en.wikipedia.org/wiki/Illinois",
"https://www.windycityfieldhockey.com/",
"https://indyaerialdronephotography.com",
"https://www.lilly.com/Pages/home.aspx",
"https://www.madbrew.com/",
"https://www.purdue.edu/",
"https://www.richmondartmuseum.org/",
"https://www.iyi.org/",
"https://www.wittemuseum.org/",
"https://en.wikipedia.org/wiki/Indiana",
"https://www.autoinsuresavings.org/iowa-cheapest-car-insurance/",
"https://www.emcins.com/",
"https://iowaarboretum.org/",
"https://www.iowastatefair.org/",
"http://www.lavidalocawinery.com/",
"https://www.lhf.org/",
"https://www.skunkriverpaddlers.org/",
"https://www.iowan.com/",
"https://www.traveliowa.com/",
"https://en.wikipedia.org/wiki/Iowa",
"https://overlandparkroofingcontractors.com/",
"https://americanjazzmuseum.org/",
"http://www.cclibraryks.org/",
"http://www.cbak.com/",
"http://www.kansasacademyscience.org/",
"http://kspress.com/",
"http://www.moorelonghornranch.com/",
"https://www.kansas.gov/",
"https://www.travelks.com/",
"https://tiak.org/",
"http://www.unitedwaygkc.org/",
"https://en.wikipedia.org/wiki/Kansas",
"https://www.autoinsuresavings.org/kentucky-cheapest-car-insurance/",
"http://www.cattlemansroadhouse.com/",
"https://centriccleaning.com/",
"https://www.derbymuseum.org/",
"https://www.kentuckytourism.com/",
"http://pageonekentucky.com/",
"https://en.wikipedia.org/wiki/Kentucky",
"https://neworleanstreeremovalservice.com/",
"https://www.lafayetteanimalaid.org/",
"https://www.louisianawholesalers.org/",
"https://www.crt.state.la.us/",
"https://www.martinwine.com/",
"https://www.lcpa.org/",
"https://en.wikipedia.org/wiki/Louisiana",
"https://www.buildgreenmaine.org/",
"https://limoservicesinmaine.com",
"https://mainearts.maine.gov/",
"https://www.ogunquitmuseum.org/",
"https://www.visitportland.com/",
"https://en.wikipedia.org/wiki/Maine",
"https://www.autoinsuresavings.org/maryland-cheapest-car-insurance/",
"https://www.dnr.state.md.us/",
"https://www.northendgallery.org/",
"https://ococean.com/",
"http://www.royal-pedigree.com/",
"https://visitmaryland.org/Pages/MarylandHome.aspx",
"https://en.wikipedia.org/wiki/Maryland",
"https://www.massvacation.com/",
"https://en.wikipedia.org/wiki/Massachusetts",
"https://www.childrensdmc.org/",
"https://www.mackinacisland.org/",
"https://www.michamber.com/",
"https://milawyersweekly.com/",
"http://www.outback-lodge.com/",
"https://www.michigan.org/",
"https://www.michigan.gov/",
"https://www.umich.edu/",
"https://en.wikipedia.org/wiki/Michigan",
"https://bunkerparkstable.com/",
"https://www.macalester.edu/mafel/",
"https://www.dnr.state.mn.us/index.html",
"https://mn.gov/portal/",
"https://www.photoactivemn.com",
"https://en.wikipedia.org/wiki/Minnesota",
"https://www.msagc.com/",
"http://www.msarl.org/",
"https://en.wikipedia.org/wiki/Mississippi",
"https://explorestlouis.com/",
"https://www.missouriartscouncil.org/",
"https://www.moacac.org/",
"https://www.visitmo.com/",
"http://missourimansion.org/",
"http://www.riverfrontsociety.com/",
"https://www.visitmo.com/",
"https://en.wikipedia.org/wiki/Missouri",
"https://www.autoinsuresavings.org/montana-cheapest-car-insurance/",
"http://www.montana-artists.com/",
"https://www.autoinsuresavings.org/nebraska-cheapest-car-insurance/",
"https://www.necounseling.org/",
"https://www.dmv.org/",
"https://www.nebraskamed.com/",
"https://www.unl.edu/",
"https://www.acrepairslasvegas.com/",
"https://www.blm.gov/nv/st/en.html",
"http://www.nevadacharters.org/",
"http://www.lakelasvegasnv.org",
"https://www.nvadministrator.org/",
"http://nvsos.gov/",
"http://nv.gov/",
"https://www.unr.edu/",
"https://www.remedy-nh.com/",
"https://www.nhab.org/",
"https://www.nhha.org/",
"https://staffhunters.net/",
"https://www.autoinsuresavings.org/new-jersey-cheapest-car-insurance/",
"https://nj.gov/state/njsca/index.html",
"https://cytrynlaw.com/",
"http://www.bradleyfhmarlton.com",
"https://newarkcares.com/",
"https://www.princeton.edu/",
"https://www.autoinsuresavings.org/new-mexico-cheapest-car-insurance/",
"https://www.express-storage.com/",
"https://www.newmexico.org/",
"https://www.santafenm.gov/",
"https://www.bkblaw.net/",
"https://www.autoinsuresavings.org/new-york-cheapest-car-insurance/",
"https://www.iloveny.com/",
"http://www.NewYorkToursNYC.com",
"https://timothyhillacademy.com/",
"https://www.joepayneweddingphotography.com",
"http://www.attorneystitle.com/",
"http://www.carolinawork.com",
"http://www.dennisvineyards.com/",
"https://www.devact.com/",
"https://www.duke.edu/",
"https://www.cs.duke.edu/",
"https://gbenergy.com/",
"https://www.goldenleaf.org/",
"https://www.ies.ncsu.edu/",
"https://www.krispykreme.com/",
"https://ncpmi.org/",
"https://www.nccattle.com/",
"http://www.partnershealth.com/",
"https://www.biltmore.com/",
"https://www.ndchamber.com/",
"https://www.ndsu.edu/",
"https://www.northfieldfireplace.com/",
"https://ohioabogado.com/",
"https://stpaulstampedconcretedesign.com/",
"https://starsoundstudios.com",
"https://www.swatchmepaint.com/",
"https://tamerconstruction.com/",
"https://toledofoundationrepairspecialists.com/",
"https://my.clevelandclinic.org/",
"https://www.ohioschoolboards.org/",
"https://www.osu.edu/",
"https://eahpet.com",
"http://iaogallery.org/wordpress/",
"https://southernhillsvet.com/",
"https://www.edentalnw.com/",
"https://naturalsmiles.com/",
"https://www.madeinoregon.com/",
"https://satchelpdx.com",
"https://wcroofingportland.com",
"http://www.pacu.org/",
"https://www.pab.org/",
"http://ppcpinc.com",
"https://www.preit.com/",
"https://www.psea.org/",
"https://www.environmentcouncilri.org/",
"https://www.ri.gov/",
"http://www.rimonthly.com/",
"http://www.ribroadcasters.com/",
"http://www.rirs.org/",
"http://www.soccer-ri.com/",
"https://www.visitrhodeisland.com/",
"https://www.autoinsuresavings.org/south-carolina-cheapest-car-insurance/",
"http://www.carolinaarts.com/",
"https://www.go-southcarolina.com/",
"http://www.masc.sc/Pages/Default.aspx",
"https://www.scprt.com/",
"http://www.scpeachfestival.org/",
"https://www.autoinsuresavings.org/south-dakota-cheapest-car-insurance/",
"http://news.sd.gov/",
"https://www.usd.edu/",
"https://www.1-find.com",
"https://www.autoinsuresavings.org/tennessee-cheapest-car-insurance/",
"https://www.knoxnews.com/",
"https://roofingbymidsouth.com/",
"https://tabtn.org/",
"http://www.tnpress.com/",
"https://www.tnvacation.com/",
"https://www.vanderbilt.edu/",
"https://www.whirlpool.com/",
"https://www.yarddogfence.com/",
"http://www.centraltexascremation.com",
"https://sanmarcosbailbonds.net/",
"https://www.kiddroof.com/",
"https://www.taea.org/TAEA/default.asp",
"https://www.tamu.edu/",
"https://www.tgtp.org/",
"https://sharpcriminalattorney.com/",
"http://www.tlwpi.com",
"https://www.unicornmoving.com/",
"https://www.autoinsuresavings.org/utah-cheapest-car-insurance/",
"https://www.ecocarpetutah.com/",
"https://www.ecocarpetutah.com/",
"https://stillwateracademy.org",
"https://www.uaesp.org/",
"https://www.visitutah.com/",
"https://www.utah.gov/index.html",
"https://www.autoinsuresavings.org/vermont-cheapest-car-insurance/",
"http://www.fgbtheaters.com/",
"https://www.vermont.gov/",
"https://www.uvm.edu/",
"http://www.vermontcrafts.com/",
"https://www.vermontjudiciary.org/default.aspx",
"https://vermont.gov/portal/",
"https://www.autoinsuresavings.org/virginia-cheapest-car-insurance/",
"https://www.eastcoastpw.com/",
"http://www.portofvirginia.com/",
"https://www.virginia.edu",
"https://www.joelane.com/",
"https://www.ltcop.org/",
"https://www.misswashington.org/",
"http://www.teambesharat.com/",
"https://www.allegrodancecompany.net/home",
"https://wvde.us/",
"https://www.wv.gov/",
"https://www.wv.gov/",
"https://www.wvaco.org/",
"https://www.autoinsuresavings.org/wisconsin-cheapest-car-insurance/",
"https://www.wiswriters.org/",
"https://www.packers.com/",
"https://www.summerfest.com/",
"https://www.wisconsinhistory.org/",
"https://www.wnanews.com/",
"https://davisandcannon.com/wyoming-criminal-defense-lawyer/",
"http://www.theantlershack.com/",
"http://www.whrn.org/",
"https://www.wybeef.com/",
"https://edu.wyoming.gov/",
"https://www.wyhc.org/",
"https://www.artinstitutes.edu/",
"https://www.easternonion.com/",
"http://www.youngarts.org/",
"https://www.si.edu/",
"http://www.sunshineartist.com/",
"https://www.wallofamerica.org/",
"https://transforming.com",
"https://www.uslistings.org/",
"https://www.air.org/",
"https://www.chamberofcommerce.com/",
"https://www.ctc.com/",
"http://www.corptransform.com/",
"https://www.mower.com/",
"http://www.jonesstudioltd.com/",
"https://www.processregister.com/",
"https://diamondranchacademy.com/",
"https://teenchallenge.cc/",
"https://www.arnimaui.com/jasmine/",
"https://exchanges.state.gov/",
"https://www.educationlaw.org/",
"https://nces.ed.gov/",
"https://nces.ed.gov/",
"https://www.teachforamerica.org/",
"https://www.visiontechcamps.com/locations/sf-bay-area/alameda-county/berkeley-computer-camps/",
"https://nces.ed.gov/",
"https://www.visiontechcamps.com/",
"https://www.c-spanvideo.org/",
"https://www.consumerfinance.gov/",
"https://www.data.gov/",
"https://www.icleiusa.org/",
"http://www.unitedstates.org/",
"https://www.usa.gov/",
"https://amerihomehealthcare.com",
"https://www.whittierhealth.com/",
"https://www.atipt.com/",
"https://www.healthcare.gov/",
"https://www.drlaurencerifkin.com/",
"http://www.mbsinsure.com",
"http://www.odsyhealth.com/",
"https://www.oghimaging.com/",
"https://www.regencyhospital.com/",
"https://schoolsfortroubledteens.org/",
"https://dteklivebeeremoval.com",
"https://thebestleafblowers.com/",
"https://www.allstarelectrical.com/",
"http://www.chemcleanofutah.com",
"https://www.dansfancity.com/",
"https://expertroofingwestchester.com/",
"https://www.landmarkroof.com/",
"https://www.nycbed.com/",
"https://www.piperelectric.com/",
"https://ryanlawn.com/",
"https://axcessnews.com/",
"http://www.bbcamerica.com/",
"https://www.cbsnews.com/",
"https://www.reuters.com/",
"http://watchingamerica.com/",
"https://azdigest.com",
"https://www.camdenliving.com/",
"https://www.camdenliving.com/",
"https://www.homes.com/",
"https://www.homeownersassociationmanagementla.com/",
"http://www.mostreferred.com/",
"http://www.homesbystevied.com",
"http://www.alpinezone.com/",
"http://www.bobfoote.com/",
"http://www.farpostsoccerclub.com/",
"https://www.halfmarathonclub.com/",
"https://www.rrca.org/",
"https://www.windycitystriders.com/",
"https://www.dlightonline.com/",
"https://www.kumandgo.com/",
"https://www.michaelhill.com/",
"https://www.dmv.org/",
"http://www.estes-express.com/",
"https://www.explorekentuckylake.com/",
"https://LookIntoHawaii.com",
"https://www.soulofamerica.com/",
"http://www.weekendevents.com/",
"https://www.usa.gov/",
"https://www.usembassy.gov/",
"https://en.wikipedia.org/wiki/United_States",
"https://www.usa.gov/",
"https://www.usembassy.gov/",
"https://en.wikipedia.org/wiki/United_States",
"https://www.usa.gov/",
"https://www.usembassy.gov/",
"https://en.wikipedia.org/wiki/United_States",
"https://www.usa.gov/",
"https://www.usembassy.gov/",
"https://en.wikipedia.org/wiki/United_States",
"https://www.vgplasticsurgery.com",
"https://marriagequest.org/",
"https://www.irvinebankruptcylaw.com/",
"https://www.philadelphiacommercialappraisers.com",
"https://www.dhcoit.co.uk/",
"https://www.drain247.co.uk/",
"https://www.mickelsendalton.com/",
"https://democrawonk.com",
"https://www.odysseynewmedia.com/",
"https://www.visionsbyconcrete.com/",
"https://www.masterpiecepavers.com/",
"https://www.pbgrentacar.gr/",
"https://midwestsupplyus.com/",
"https://controlpestmanagement.com.au/locations/brisbane-pest-control/",
"https://www.newarkcommercialappraisers.com",
"https://www.jeffersoncommercialappraisers.com",
"https://www.drryanstanton.com/",
"https://www.bryanarmijomd.com/",
"https://www.tucsoncommercialappraisers.com",
"https://www.elpasocommercialappraisals.com",
"http://www.africaphotos.com/",
"https://www.jhbremovals.co.za/",
"http://www.mamahappyness.com",
"https://www.pbs.org/",
"https://www.skillsacademy.co.za/",
"http://www.swikiri.com/",
"https://www.treefelling.co.il",
"https://www.compeer.my/",
"https://www.hrw.org/asia",
"https://asiasociety.org/",
"https://www.apec.org/",
"http://www.bulletinasiainstitute.org/",
"https://asiafoundation.org/",
"https://en.wikipedia.org/wiki/Asia",
"https://www.bankweb.com/",
"https://www.ccr-zkr.org/",
"https://www.eu-japan.eu/",
"https://www.eurodns.com/",
"https://www.nyttigbras.dk/",
"https://www.britishempire.co.uk/",
"https://www.trackerintelligence.com/",
"https://www.unece.org/",
"https://en.wikipedia.org/wiki/Europe",
"http://www.alpa.org/",
"https://www.arlisna.org/",
"https://www.arlisna.org/",
"https://www.butterfliesandmoths.org/",
"https://www.cpwr.com/",
"https://dovestones.com",
"https://www.rentalimo.com/",
"https://www.pbs.org/",
"https://www.umwa.org/",
"https://www.ufw.org/",
"https://en.wikipedia.org/wiki/North_America",
"http://aaanz.info/",
"https://www.iesanz.org/",
"http://www.janeresture.com/",
"https://www.oceaniacruises.com/",
"https://www.oceaniafootball.com/ofc/",
"http://www.oceaniaweightlifting.com/",
"https://www.oceaniafootball.com/ofc/",
"https://www.pica-org.org/",
"http://www.pacificislands.com/",
"https://pidp.eastwestcenter.org/pireport/",
"http://www.oceania.org.au/",
"https://en.wikipedia.org/wiki/Oceania",
"https://alainet.org/",
"https://www.sas.upenn.edu/~cerickso/applied.html",
"http://www.coha.org/",
"http://www.andes.org/",
"https://www.desinventar.org/",
"http://www.gringos.com/",
"https://www.ustr.gov/countries-regions/americas",
"http://www.orinoco.org/",
"https://www.fodors.com/",
"http://www.travel-amazing-southamerica.com/",
"https://www.volunteerlatinamerica.com/",
"http://www.volunteersouthamerica.net/",
"https://www.vgplasticsurgery.com",
"https://marriagequest.org/",
"https://www.irvinebankruptcylaw.com/",
"https://www.philadelphiacommercialappraisers.com",
"https://www.dhcoit.co.uk/",
"https://www.drain247.co.uk/",
"https://www.mickelsendalton.com/",
"https://democrawonk.com",
"https://www.odysseynewmedia.com/",
"https://www.visionsbyconcrete.com/",
"https://www.masterpiecepavers.com/",
"https://www.pbgrentacar.gr/",
"https://midwestsupplyus.com/",
"https://controlpestmanagement.com.au/locations/brisbane-pest-control/",
"https://www.newarkcommercialappraisers.com",
"https://www.jeffersoncommercialappraisers.com",
"https://www.drryanstanton.com/",
"https://www.bryanarmijomd.com/",
"https://www.tucsoncommercialappraisers.com",
"https://www.elpasocommercialappraisals.com",
"https://www.apnic.net/",
"https://en.wikipedia.org/wiki/Asia",
"https://en.wikipedia.org/wiki/Europe",
"https://www.nationalgeographic.com/",
"https://library.novascotia.ca/",
"https://www.belgium.be/en",
"https://www.diplobel.us/",
"https://www.kuleuven.be/english",
"https://www.visitbelgium.com/",
"https://www.vlada.cz/",
"https://www.nkp.cz/",
"https://www.hrad.cz/",
"https://www.radio.cz/",
"https://www.bis.cz/",
"https://www.axialis.com/",
"https://www.evolis.com/",
"https://www.infovista.com/",
"https://www.fertilizer.org/",
"https://www.letour.fr/us/",
"https://www.whatsupgold.com/",
"https://petersen-einrichtungen.de/",
"https://www.bild.de/",
"https://www.coherent.de/",
"https://www.bildungsserver.de/start.html",
"https://www.hairforlife.info/de",
"https://www.gls-german-courses.de/",
"https://socialtrading.info/",
"https://www.bundesregierung.de/Webs/Breg/EN/Homepage/_node.html",
"https://www.shiply.com/de/umzug/",
"https://www.winmagic.com/",
"https://www.pbgrentacar.gr/",
"https://www.greeka.com/",
"https://www.klik.gr/",
"https://www.budapest.com/",
"https://www.budapestsun.com/",
"https://www.centralbank.ie/",
"https://www.easonschoolbooks.com/",
"https://www.independent.ie/",
"https://nonaams.com",
"http://www.smaf-legal.com",
"https://www.lifeinitaly.com/culture",
"https://en.wikipedia.org/wiki/Healthcare_in_Italy",
"http://www.eventplanningamsterdam.com",
"https://www.government.nl/",
"https://www.studyinholland.nl/",
"https://www.xn--billigeforbruksln-orb.no",
"https://xn--forbruksln-listen-hrb.no/",
"https://www.xn--forbruksln-95a.no",
"https://kryptolisten.no/",
"https://www.matkasse.guide/",
"https://xn--byttstrmmen-mgb.no/",
"https://www.energyrent.no/",
"https://www.isstavanger.no/",
"https://www.kredittkortinfo.no/",
"https://www.refinansiere.net/",
"https://www.sos-barnebyer.no/",
