"https://www.apple.com/",
"https://www.engadget.com/",
"https://www.intel.com/",
"https://www.samsung.com/",
"https://www.effective-data.com",
"https://theiteam.ca/",
"http://www.answersthatwork.com/",
"https://www.computing.net/",
"http://www.geeksaknockin.com",
"http://www.itec32.com",
"https://www.linuxquestions.org/",
"https://ne-t.com/",
"http://www.pchell.com/",
"https://www.pctechguide.com/",
"http://www.pixel2life.com/",
"https://www.sevenforums.com/",
"https://www.sysarc.com/",
"https://www.techspot.com/",
"https://www.vinrcorp.com/",
"http://www.warriorsofthe.net/",
"https://arxiv.org/",
"https://edition.cnn.com/",
"https://www.comsci.com/",
"https://cordis.europa.eu/nanotechnology/home.html",
"https://drywired.com/",
"https://www.engadget.com/",
"http://www.epower-propulsion.com/",
"https://lifehacker.com/",
"https://www.latimes.com/",
"https://www.technologyreview.com/",
"https://video.mit.edu/",
"https://www.mypoweruk.com",
"https://www.nytimes.com/",
"https://www.pcmag.com/",
"https://www.pcworld.com/",
"https://www.popsci.com/",
"https://www.technologyreview.com/",
"https://www.transducertechniques.com",
"http://www.up-ship.com/",
"https://www.usenix.org/",
"http://www.whatisnano.org/",
"https://trianglecrossranch.com/",
"https://www.angryyoungandpoor.com/store/pc/home.asp",
"https://www.gojane.com/",
"https://www.hottopic.com/",
"https://www.lulus.com/",
"https://www.newlook.com/shop/teens/",
"https://www.pacsun.com/",
"https://www.shopstyle.com/browse/teen-guys-clothes",
"https://www.surfanddirt.com/",
"https://themarketinghelpline.com/",
"https://www.flatworldsolutions.com/",
"https://www.outrank.co.uk/",
"https://www.pmctelecom.co.uk/",
"https://www.virtuallandline.co.uk",
"https://yulupr.com/",
"https://www.apple.com/",
"https://www.nokia.com/",
"https://www.samsung.com/",
"https://www.sonymobile.com/",
"https://www.tiaonline.org/",
"https://www.unlockninja.com/",
"https://en.wikipedia.org/wiki/Game_of_Thrones",
"https://www.sky.com/",
"https://www.byutv.org/",
"https://www.cinemax.com/",
"https://edition.cnn.com/",
"https://www.excelman.com/",
"https://www.fuse.tv/",
"https://www.golfchannel.com/",
"https://www.gsn.com/",
"https://www.ifc.com/",
"https://www.itv.com/",
"https://www.mylifetime.com/",
"https://www.msg.com/",
"https://www.mnn.org/",
"http://www.mynetworktv.com/",
"https://www.ovhdinstallers.co.za/",
"https://www.pbs.org/",
"https://www.pbs.org/",
"http://www.roku-channels.com",
"https://www.shophq.com/",
"https://www.tcm.com/",
"https://www.biography.com/",
"https://www.c-span.org/",
"https://www.tvw.org/",
"https://www.1-find.com",
"https://www.autoinsuresavings.org/tennessee-cheapest-car-insurance/",
"https://www.knoxnews.com/",
"https://roofingbymidsouth.com/",
"https://tabtn.org/",
"http://www.tnpress.com/",
"https://www.tnvacation.com/",
"https://www.vanderbilt.edu/",
"https://www.whirlpool.com/",
"https://www.yarddogfence.com/",
"https://www.anandtech.com/",
"https://www.digitaltrends.com/",
"https://www.engadget.com/",
"https://www.fipe.net/",
"https://gizmodo.com/",
"https://meridianthemes.net",
"https://www.technologyreview.com/",
"https://www.cnet.com/reviews/",
"https://www.pcmag.com/",
"http://www.pocket-lint.com/",
"https://www.reviews.com/",
"https://www.sharkyextreme.com/",
"https://www.t3.com/",
"https://www.telegraph.co.uk/technology/",
"https://www.theverge.com/reviews",
"https://www.tomshardware.com/",
"https://www.wired.com/",
"http://www.centraltexascremation.com",
"https://sanmarcosbailbonds.net/",
"https://www.kiddroof.com/",
"https://www.taea.org/TAEA/default.asp",
"https://www.tamu.edu/",
"https://www.tgtp.org/",
"https://sharpcriminalattorney.com/",
"http://www.tlwpi.com",
"https://www.unicornmoving.com/",
"https://pantip.com/",
"https://www.phuketwheels.com/",
"https://www.volunteerlatinamerica.com/",
"https://www.tourismthailand.org/",
"https://www.tripadvisor.com/",
"https://teachtoone.org/",
"https://businesstraining.com/",
"http://www.businesswriting.org.uk",
"https://www.chameleonschoolofconstruction.co.uk/",
"https://www.piworldwide.com/",
"https://www.safetyvideos.com/",
"http://targetlearning.net",
"https://www.theolympiansacademy.com",
"https://www.alaea.asn.au/",
"https://motormouth.com.au/",
"https://www.advantagecarrentals.com/",
"https://www.copanational.org/",
"https://www.lhf.com/",
"http://www.tsb-bst.gc.ca/",
"https://www.cancunairporttransportations.com",
"https://www.chicagomotorcoachinc.com/",
"https://number1autotransport.com/",
"https://www.aambassador.com/",
"https://www.armstrongrelocation.com/",
"https://www.arnoff.com/",
"https://www.autoshippers.co.uk/",
"https://www.cancunairporttransportation.com",
"https://www.carrentalcancun.net/",
"http://www.dalamancarhire.com",
"https://www.faroairportinfo.com/",
"https://www.finishingtouchcars.co.uk/",
"https://www.tpexpress.co.uk/",
"https://www.floridasunshineshuttle.com",
"https://www.shipcars.co.uk",
"https://www.ironhorserelocations.com/",
"https://transport.mecum.com",
"https://nationwideautotransportation.com",
"https://www.nationwidehireuk.co.uk",
"https://www.olympus-tours.com/",
"https://www.pbs-int.co.uk/",
"https://www.piepho.com/",
"https://www.quicktransportsolutions.com/",
"https://www.rentalimo.com/",
"https://www.veico.com",
"https://www.shipmycar.co.uk",
"http://www.shuttleincancun.com",
"https://www.stripesexpress.com/",
"https://www.suddath.com/",
"http://www.travelcarsnz.com",
"https://www.trott-rentals.com/",
"https://www.upack.com/",
"https://www.aia.org/",
"https://www.busandcoach.co.nz/",
"http://www.corporatecabs.co.nz/",
"http://www.nzbike.com/",
"http://www.pacifichorizon.co.nz/",
"https://www.supershuttle.co.nz/",
"https://www.prepurchaseinspections.co.uk",
"https://www.albion-trust.org.uk/",
"https://www.focustransport.org.uk/",
"https://www.parkat.co.uk/",
"https://www.dmv.org/",
"http://www.estes-express.com/",
"https://www.australiantraveller.com/",
"https://www.breakloose.com.au/",
"https://www.ecotourism.org.au/",
"https://www.koalastorage.com.au/",
"https://www.smartraveller.gov.au/",
"https://www.escapes.ca/",
"http://www.thelon.com/",
"http://www.tourcanada.com/tours.htm",
"https://www.vacationsincanada.com/",
"http://www.ferrytickets.co.nz",
"https://www.newzealand.com/",
"http://www.browntroutheaven.com/",
"http://www.newzealandskionline.com/",
"https://www.southernscenicroute.co.nz/",
"https://www.ultimatehikes.co.nz/",
"http://www.premierprotectionsupplies.co.uk",
"https://www.armcobarriersupplies.co.uk/",
"https://www.destinationsshow.com/",
"https://www.holidaytruths.co.uk/",
"https://www.secretescapes.com/",
"https://www.stayincornwall.co.uk/",
"https://www.treasurehouses.co.uk/",
"https://www.explorekentuckylake.com/",
"https://LookIntoHawaii.com",
"https://www.soulofamerica.com/",
"http://www.weekendevents.com/",
"https://www.justblackpool.co.uk/",
"https://www.bringfido.com/",
"https://www.ohio-put-in-bay.com/",
"https://www.onewarwickpark.co.uk/",
"http://www.tourplanlanka.com/",
"https://www.travelhouseuk.co.uk/",
"https://www.luxurytravelteam.com/",
"https://www.scti.com.au/",
"https://www.staysure.co.uk/",
"https://www.travelguard.com/",
"https://www.travelinsured.com/",
"https://www.travelexinsurance.com/",
"https://www.travelsafe.com/",
"https://www.gadventures.com/",
"https://www.oars.com/",
"https://www.oysterworldwide.com/",
"https://www.pura-aventura.com/",
"https://www.thaivisa-express.com/",
"https://www.sierraclub.org/",
"https://www.hemenbahis.com",
"https://howto.quest/",
"https://www.bleepingcomputer.com/",
"http://www.computerhelpatoz.com/",
"http://www.computertim.com/",
"https://www.homeandlearn.co.uk/",
"https://www.howtogeek.com/",
"http://inpics.net/",
"https://www.keynotesupport.com/",
"https://serverfault.com/",
"http://www.tech-evangelist.com/",
"https://techntechie.com/",
"https://techcrunch.com/",
"https://thinktutorial.com/",
"https://www.w3schools.com/",
"http://www.webtutoriallist.com/",
"http://www.livvity.coach/",
"https://www.tutorfair.com",
