"https://www.justadirectory.com",
"http://www.AllBusinessNow.com",
"https://www.improovy.com/phoenix-painters/",
"https://www.maycopainting.com",
"https://www.housepaintinginphoenix.com/",
"https://www.asianpaints.com/",
"https://www.bergerpaints.com/",
"http://www.jamesbucci.com/",
"https://certapro.com/",
"https://www.dulux.in/",
"http://goodhomepainting.com/",
"http://www.paintingnebraska.com",
"https://www.resene.com/homeown/painting-your-home/how_to_paint_your_home.htm",
"http://www.themodernhomepaintings.com/",
"http://www.williamnunnpainting.com",
"http://www.fao.org/countryprofiles/index/en/?lang=en&amp;iso3=PLW",
"https://www.picrc.org/",
