"https://www.cosem.org.sg/",
"http://www.schoolsecurity.org/",
"https://www.safesecurity.co.uk/",
"http://www.safetysecurity.co.za/",
"http://www.tyco.com/",
"http://www.usssinc.com/",
"https://www.bwsailing.com/",
"https://www.sailmagazine.com/",
"https://www.sailingworld.com/",
"http://www.anz.com/samoa/en/personal/",
"https://www.cbs.gov.ws/",
"http://www.cccs.org.ws/",
"https://www.mesc.gov.ws/",
"https://www.mof.gov.ws/",
"http://www.pina.com.fj/",
"https://www.psc.gov.ws/",
"http://www.same.org.ws/",
"http://www.topix.com/world/oceania",
"https://www.healthcareersinsask.ca/",
"http://www.saskhuntered.ca/",
"https://www.saskimmigrationcanada.ca/",
"https://www.usask.ca/",
"https://www.offtocollege.com/",
"https://www.collegiateguide.com/",
"http://cybersleuth-kids.com/",
"http://www.faqkids.com/",
"http://www.smallwonderselc.com",
"https://www.studystack.com/",
"https://www.arisglobal.com/",
"https://www.astm.org/",
"https://calculator.me/",
"https://dovestones.com",
"https://www.gigacalculator.com/",
"https://www.howstuffworks.com/",
"https://www.internations.org/",
"https://www.math-dictionary.com/",
"https://www.nasa.gov/",
"https://www.ncbi.nlm.nih.gov/",
"https://www.nature.com/",
"https://www.sciencedaily.com/",
"https://www.treehugger.com/",
"https://www.wikipedia.org/",
"https://www.bing.com/",
"https://www.google.com",
"https://www.sosemo.com/",
"https://wbsrch.com",
"https://www.techbrain.com.au/",
"https://www.acsac.org/",
"https://cloudspaceusa.io/",
"https://www.nist.gov/",
"https://www.dshield.org/",
"http://www.irvineunderground.org/",
"https://zeltser.com/network-perimeter-defense/",
"https://www.safegadget.com/",
"https://aboutnowuk.com",
"https://bestseo4u.co.uk/service/pay-per-click/",
"https://breakthroughlocalseo.com",
"https://contentwriterireland.ie/",
"https://delseodublin.com/",
"https://www.digitalmeal.com.au/",
"https://www.expre.co.uk/",
"https://www.flamingoagency.com",
"https://www.irelandseo.ie/",
"https://www.justrank.my",
"https://netvantagemarketing.com/",
"https://www.nichelydone.org/",
"https://www.odysseynewmedia.com/",
"https://kknockdigital.com",
"https://www.seodude.com",
"https://www.seosolutions.ie/",
"https://www.whooseo.com/",
"https://www.acawebconsulting.com/seo-san-diego-search-engine-optimization/",
"https://agilegrow.com/",
"https://www.bayareaseo.net",
"https://www.alphamindstudios.com/",
"https://www.ascelade.com/",
"https://avalaunchmedia.com/",
"https://bowerycreative.com/",
"https://www.brighterdigital.ca",
"https://www.bruceclay.com/",
"http://clickdepotatl.com",
"http://www.delvalseo.com",
"https://www.ddsrank.com/",
"https://www.earnseo.com/",
"https://enleaf.com/",
"https://www.ethicalseoconsulting.com/",
"https://www.gotchseo.com/",
"https://www.healthylinks.net/",
"https://www.inetventures.co.uk",
"https://kickpoint.ca/",
"https://ignitordigital.com/",
"https://www.hillwebcreations.com",
"https://nikolaroza.com/",
"https://marketingconsultantorangecounty.com/",
"https://paramountdigital.co.uk/",
"https://premierseoninjas.com",
"http://propriummarketing.com/",
"https://riseonline.co.uk",
"http://www.searchengineguide.com/",
"https://www.searchenginejournal.com/",
"https://searchengineland.com/",
"https://www.seroundtable.com/",
"https://www.searchmarketinggroup.co.uk/",
"http://www.searchboostmarketing.com",
"https://searchrise.co.uk/",
"http://www.seobook.com/",
"https://www.seorango.com/",
"https://www.sitepenalise.fr",
"http://www.smithseo.com",
"https://superbsys.com",
"https://tacticalseoconsulting.com",
"https://www.tastyplacement.com",
"https://aarcocontracting.com",
"https://airballingoc.com/",
"https://www.amakella.com",
"https://americansigncompany.com",
"https://americansignletters.com",
"https://www.germanyts.de/",
"https://www.billyaircon.com.sg",
"https://bolt-pattern.com",
"https://bookkeepingservices.sg/",
"https://whitegate-cleaning.co.uk/",
"https://www.certifiedhomecareconsulting.com/",
"https://www.chesapeaketreeguys.com",
"https://colleamoi.com/",
"https://sparklecommercialcleaning.com.au/",
"https://www.chesapeakedecking.com/",
"https://www.forth-edinburgh-locksmiths.co.uk/",
"https://www.gcbrecruitment.co.uk/",
"https://www.iasprog.dk/",
"https://www.ibiride.com",
"https://incrediblebags.com/",
"https://www.heyfunerals.co.uk",
"https://www.kitchenremodelsydney.com.au",
"https://www.cotaplan.co.uk/",
"https://mold-removal-kitchener.com",
"https://mold-removal-ottawa.com",
"https://morethanbrickwork.co.uk/",
"https://mr-junkman.com",
"https://entreprisesmst.com/",
"https://ontargetcpa.com/",
"https://parkingpatrol.co.uk/",
"https://www.chesapeakepoolbuilder.com/",
"https://www.propertymaintenance-gloucester.co.uk/",
"https://www.rockthorn.co.uk/",
"https://locksmithrotherham.co.uk",
"https://sharpmoov.co.za/",
"https://www.shipbuddies.com/",
"https://www.thorntonlee.co.uk",
"https://tradelife.com",
"https://www.tradeshowdisplaysus.com/",
"https://www.treesurgeongloucester.com/",
"https://unionalarm.com/",
"https://www.warnersdecking.com/",
"https://www.timbershelves.co.uk",
"https://wrightandsonsltd.co.uk",
"https://www.ten4tow.com/dallas/",
"https://ten4tow.com/irving",
"https://nonstoptowingcolumbus.com/",
"https://aircondoctorsg.com/",
"http://www.answeringservice.london",
"https://www.aoseafood.co.uk/",
"https://arenastorage.ae/",
"https://towing-sanmarcos.com/",
"https://baysidetow.com/",
"https://www.bluepondsigns.com/",
"https://argusfireandsecurity.co.uk/",
"https://www.carcleaningltd.co.uk/",
"http://www.selfpackshipping.com",
"http://www.citytaxaccountants.com.au",
"http://www.clampelec.com.au/",
"https://www.qualityenvironmentalinc.com/",
"https://discoveries.co.nz/",
"http://www.ghostwords.com",
"https://greenleafbizsolutions.com/",
"https://www.trinet.com/",
"https://iconixx.com/",
"https://www.infinitycontractingatxllc.com",
"https://www.interfulfillment.com/",
"http://www.iqplumbers.co.uk/",
"https://www.theknowledgeacademy.com/courses/software-testing-training/",
"https://www.sjautotow.com/",
"http://www.jndc.co.uk",
"https://kennedytowing.com/",
"https://www.koalastorage.com.au/",
"http://largebusinessinternet.com",
"https://www.fortest.com/en/products/c/t-series",
"http://www.master-cleaners.co.uk",
"https://www.mechanicadvisor.com/",
"https://www.midlandpallettrucks.com/",
"https://towhuntingtonbeach.com/",
"http://www.mypmllc.com",
"https://www.nationwidetransport.co.uk/",
"https://ozautotow.com/",
"https://www.shiply.com/fragile-goods-transport/piano-removals.php",
"https://www.polilingua.com/",
"https://privateinvestigator.co.uk/",
"https://www.aprenergy.com/",
"https://www.seersgroup.co.uk",
"https://silverlinetowing.com/oakland/",
"https://singaporeaccounting.com/",
"https://www.smartuk.net/",
"https://www.survey-step.com/",
"https://tororoadrunners.com/richmond",
"https://tororoadrunners.com/san-francisco/",
"https://chulavistatow.com/",
"https://www.towingescondido.com/",
"https://towsantaana.com/",
"https://www.towing-corona.com/",
"https://www.virtualaddress.com.au/",
"https://www.wisemove.co.za/cape-town",
"https://www.theinternationalkitchen.com/",
"https://alphaflightguru.com/",
"https://www.last.fm/",
"https://www.libertytravel.com/",
"https://in.musafir.com/",
"https://www.rei.com/adventures",
"https://www.tripadvisor.com/",
"https://www.visahq.com/",
"https://www.businesstravellogue.com/",
"https://www.worldtravelservice.com/",
"https://feedthatgame.com",
"https://www.orss.net/home.aspx",
"https://www.aldi.com.au/",
"https://www.boataccessoriesaustralia.com.au/",
"https://www.burchfamilywines.com.au/",
"https://www.gluestore.com.au/",
"https://www.michaelhill.com/",
"https://www.miningtelecoms.com/",
"http://www.chartandmapshop.com.au",
"https://canadianjewellers.com/",
"https://www.consumerinformation.ca/",
"http://www.hairbeautycanada.com/",
"https://www.michaelhill.ca/",
"http://www.prooutdoorgear.ca/",
"https://kidselectriccars.ie/",
"https://label-land.com/",
"https://www.unicorns-rule.co.uk/",
"https://www.3wisemen.co.nz/",
"https://www.barkersonline.co.nz/",
"https://www.bigandtall.co.nz/",
"https://www.budflorists.co.nz/",
"https://www.endlesspools.co.nz/",
"https://www.onlinecodes.com",
"https://westbasedirect.com",
"https://www.ahume.co.uk/",
"https://www.aquascutum.co.uk/",
"http://www.asos.com/",
"https://www.belmontautos.co.uk/",
"https://bombaystores.biz/",
"https://www.cherrytreecountryclothing.com/",
"https://www.continentaltextiles.co.uk/",
"https://www.cottontraders.com/",
"https://www.djtees.com/",
"http://www.homedomestics.co.uk",
"https://www.partyandbeauty.co.uk/",
"https://www.ewm.co.uk/",
"https://www.electricalcounter.co.uk/",
"https://www.themarblestore.co.uk/",
"https://www.trespass.com/",
"https://www.uk-car-discount.co.uk/",
"https://willowbrook.co.uk/",
"https://www.dlightonline.com/",
"https://www.kumandgo.com/",
"https://www.michaelhill.com/",
"https://ceremoni.ca",
"https://www.forsale.plus",
"https://www.gifthampersireland.com/",
"https://www.gifthampersuk.co.uk/",
"https://glowtogrowcandle.com",
"https://greatcoffeebrewers.com/",
"https://kedzie.com/",
"https://miaava.com",
"https://onlineshopping.help",
"https://www.pricecheckhq.com/",
"https://ravecoffee.co.uk/",
"https://several.com",
"http://www.bedforbeds.co.uk",
"https://www.bizrate.com/",
"http://www.dealfy.co.uk",
"https://floorjacktips.com/",
"https://www.glassdiningtables.co.uk",
"https://www.fireworks.us/",
"https://www.mensfashionclothing.co.uk/",
"https://www.nattyshirts.com/",
"https://noveltystreet.com",
"https://www.shoplocal.com/",
"http://www.surveycares.com",
"http://thestore.com",
"https://www.tigerspecs.co.uk/",
"https://www.tradebearings.com",
"https://testpapers.com.sg",
"https://singaporeairconservices.com",
"https://www.beyond.org.sg/",
"https://www.citynomads.com/",
"https://www.singstat.gov.sg/",
"https://dwaircon.com/",
"https://www.elveslab.com/",
"https://www.fnp.sg",
"https://funeralservicessingapore.org",
"https://www.heartware.org/",
"https://www.lta.gov.sg/content/ltaweb/en.html",
"http://www.nyaa.org/",
"http://www.penguin.com.sg/",
"https://www.gov.sg/",
"https://www.mpa.gov.sg/",
"https://alpineadventures.net/",
"https://www.born2ski.com/",
"http://skitour.com/",
"https://www.iglu.com/",
"https://www.michigan.org/",
"http://mogulski.com.au",
"https://japanspecialists.com/",
"https://www.skinh.com/",
"https://www.snow.com/",
"https://snowcapped.com.au/",
"https://www.dermadoctor.com/",
"https://www.esteelauder.com/",
"https://www.mladina.si/",
"https://abcremovalsandstorage.com",
"https://best-faucets.com/",
"https://www.perthcitifitout.com.au/",
"https://adiceltic.de",
"https://www.businessenvelopes.com/",
"https://www.carskeyreplacement.com",
"https://www.edsairconditioning.com/",
"https://www.limitedcompanyhelp.com",
"https://overheadcrane-manufacturer.com",
"http://www.SourceMasterLLC.com",
"https://www.tracerco.com/",
"https://www.apple.com/",
"https://www.nokia.com/",
"https://www.samsung.com/",
"https://www.sonymobile.com/",
"https://en.wikipedia.org/wiki/Smartphone",
"https://www.mlssoccer.com/",
"https://www.usyouthsoccer.org/",
"https://www.socceramerica.com/",
"https://www.soccerbox.com/",
"https://www.soccertimes.com/",
"https://www.ussoccer.com/",
"https://www.uslsoccer.com/",
"http://www.centrepeaceconflictstudies.org/",
"http://www.countriesquest.com/",
"https://www.giga-hamburg.de/en/",
"https://ijl.oxfordjournals.org/",
"http://www.isns.us/",
"https://www.isca-speech.org/iscaweb/",
"https://www.ssrc.org/",
"https://www.sociology.org/",
"http://www.bioethics.net/",
"https://www.bls.gov/",
"https://www.wcaanet.org/",
"https://www.kidsonthenet.org.uk/",
"https://www.buyerquest.com/",
"https://www.logicaldoc.us",
"https://www.whitelabelcasino.net/",
"https://lexworkplace.com/",
"https://www.myinfoapp.com",
"https://www.casino-white-label.com/",
"https://www.totalvoicetech.com",
"https://www.turnkey-casino-software.com/",
"https://www.turnkeysportsbook.software/",
"https://www.turnkeysportsbooksoftware.com/",
"https://virtual.blue/apps/json-converter",
"https://www.white-label-casino.net/",
"https://xsolla.com",
"http://www.3p-publisher.com",
"https://www.littlehotelier.com/how-to-choose-an-all-in-one-pms-system-for-small-hotels/",
"https://appinstitute.com",
"https://www.apple.com/",
"https://www.apple.com/",
"http://appsolon.com",
"http://softwarelifecyclepros.com/",
"https://www.channeltivity.com/",
"http://www.claredot.net",
"https://www.jonasconstruction.com/",
"https://convertio.co/",
"https://www.docstar.com/",
"https://dovestones.com",
"https://www.dropbox.com/",
"https://www.egress.com/",
"https://ensignonline.co.uk/",
"https://www.fotor.com",
"https://www.giveawayoftheday.com/",
"https://grabz.it/",
"https://www.inetsoft.com/",
"https://www.intrafocus.com/",
"https://invoicehome.com/",
"https://www.invoicea.com/",
"https://www.invoiceberry.com/",
"https://www.loadview-testing.com",
"https://www.logicaldoc.com",
"https://www.megaleechers.com/",
"https://www.microsoft.com/en-us/dynamics/erp.aspx",
"https://nextrasoft.co.uk/",
"https://www.pdfsecurity.org/",
"https://www.photoshop.com/",
"https://www.mwtherapy.com",
"https://www.plustechnologies.com/",
"https://www.touchhalloffame.us",
"https://www.salesforce.com/uk/",
"https://ccscannow.com/",
"https://www.simplio3d.com/",
"https://www.xlstat.com/",
"https://www.symbio.com/",
"https://testmatick.com/",
"https://www.winmagic.com/",
"https://xonasoftware.com/",
"http://www.commerce.gov.sb/",
"https://www.adb.org/countries/solomon-islands/main",
"https://en.wikipedia.org/wiki/Solomon_Islands",
"https://www.eastwestlodge.com/",
"https://www.fodors.com/",
"https://idealsouthamerica.com/",
"https://travel.nytimes.com/travel/guides/central-and-south-america/overview.html",
"https://www.tripadvisor.com/",
"https://alainet.org/",
"https://www.sas.upenn.edu/~cerickso/applied.html",
"http://www.coha.org/",
"http://www.andes.org/",
"https://www.desinventar.org/",
"http://www.gringos.com/",
"https://www.ustr.gov/countries-regions/americas",
"http://www.orinoco.org/",
"https://www.fodors.com/",
"http://www.travel-amazing-southamerica.com/",
"https://www.volunteerlatinamerica.com/",
"http://www.volunteersouthamerica.net/",
"https://www.autoinsuresavings.org/south-carolina-cheapest-car-insurance/",
"http://www.carolinaarts.com/",
"https://www.go-southcarolina.com/",
"http://www.masc.sc/Pages/Default.aspx",
"https://www.scprt.com/",
"http://www.scpeachfestival.org/",
"https://www.autoinsuresavings.org/south-dakota-cheapest-car-insurance/",
"http://news.sd.gov/",
"https://www.usd.edu/",
"https://www.artoflinesmd.ca/",
"https://www.rejuvenatecolorado.com/",
"https://www.oceandrivemedspa.com/",
"https://slimstudioatlanta.com/",
"https://www.totalglow.com/",
"https://www.newjerseyplasticsurgery.com/",
"https://www.bonakdaraesthetics.com/",
"https://drjasonhall.com/",
"https://triomedspa.com/",
"https://www.dermaworks.com/",
"https://www.denverfusionspa.com/",
"https://www.flawlessskinbyabby.com/",
"https://www.biomedspa.com/",
"https://www.sheenakong.com/",
"https://www.laser-clinique.com/",
"https://www.serenityrejuvenationcenter.com/",
"https://www.mybotoxla.com",
"https://www.nassifmedspa.com/",
"https://www.drridha.com/",
"http://www.twinkle-toes.org",
"https://www.zlmedspa.com/",
"https://www.aseta.es/",
"https://www.blackanddecker.es/",
"https://farmacia.vegas/",
"https://www.propertyandspain.co.uk/",
"https://www.telegraph.co.uk/travel/destinations/europe/spain/",
"https://www.thinkspain.com/",
"https://www.emailondeck.com",
"https://www.hexamail.com/",
"https://www.isode.com/",
"https://www.kaspersky.com/",
"https://www.nospam-mailprotection.com/",
"http://www.SnapHost.com",
"https://www.symantec.com/",
"https://www.phonepsychicreaders.com/",
"https://www.quasiquotes.com/",
"https://riverviewchristianacademy.org/",
"https://soulmatetwinflame.com/",
"https://warlockmagicspells.com",
"https://www.williamlamontastrologer.com/",
"https://www.yantra.lv",
"https://www.gotquestions.org/spirituality-Christian.html",
"https://holeinthesoul.co.uk",
"https://www.horoscopes-and-astrology.com",
"https://www.jubbas.com/",
"https://www.magiarossalegamentidamore.it",
"https://www.marlagoldberrg.com/guidedspiritconversations",
"https://www.lawofattractioncoaching.net/",
"https://www.transcendenceworks.com",
"https://www.zionjudaica.com/",
"https://www.thehardtail.com",
"http://www.amsnow.com/",
"https://www.cbc.ca/sports/",
"https://www.cbc.ca/sports/",
"https://www.cbssports.com/",
"https://www.cbssports.com/",
"https://www.cbssports.com/",
"https://deadspin.com/",
"https://deadspin.com/",
"https://www.doitsports.com/",
"http://www.draft.net/",
"http://www.esb.com/",
"https://www.flashscore.com/",
"https://msn.foxsports.com/",
"https://www.foxsports.com/",
"https://www.insidesport.com.au/",
"http://www.intlgymnast.com/",
"https://www.latimes.com/",
"https://www.nbcsports.com/",
"https://www.nbcsports.com/",
"https://www.rivals.com/",
"https://www.sbnation.com/",
"http://www.speedwaynz.com/",
"https://www.sportinglife.com/",
"https://www.si.com/",
"https://www.si.com/",
"https://www.sportsfilter.com/",
"https://www.sportsmanias.com/",
"http://www.squashplayer.co.uk/",
"http://thesportjournal.org/",
"https://www.tsn.ca/",
"https://www.volleyballmag.com/",
"https://www.alamy.com/",
"https://www.bigstockphoto.com/",
"https://depositphotos.com/",
"https://www.dreamstime.com/",
"https://www.gettyimages.com/",
"https://www.istockphoto.com/",
"https://photodune.net/",
"https://www.shutterstock.com/",
"https://www.sxc.hu/",
"https://beayutiful.com",
"https://neptunesurfingbali.com",
"https://www.surfguru.com/",
"https://cryptomarket365.com/",
"https://www.matkasse-listan.se/",
"https://dreamz.com/sv/",
"https://www.government.se/",
"https://www.lansstyrelsen.se/",
"https://swedishirish.com/",
"https://www.svenskafreds.se/",
"https://www.tandblekningstockholm.com/",
"https://eng.si.se/",
"https://www.myswitzerland.com/en/home.html",
"https://www.skiingproperty.com/",
"https://www.switzerland.com/en.cfm/home",
"https://www.vgplasticsurgery.com",
"https://marriagequest.org/",
"https://www.irvinebankruptcylaw.com/",
"https://www.philadelphiacommercialappraisers.com",
"https://www.dhcoit.co.uk/",
"https://www.drain247.co.uk/",
"https://www.mickelsendalton.com/",
"https://democrawonk.com",
"https://www.odysseynewmedia.com/",
"https://www.visionsbyconcrete.com/",
"https://www.masterpiecepavers.com/",
"https://www.pbgrentacar.gr/",
"https://midwestsupplyus.com/",
"https://controlpestmanagement.com.au/locations/brisbane-pest-control/",
"https://www.newarkcommercialappraisers.com",
"https://www.jeffersoncommercialappraisers.com",
"https://www.drryanstanton.com/",
"https://www.bryanarmijomd.com/",
"https://www.tucsoncommercialappraisers.com",
"https://www.elpasocommercialappraisals.com",
"https://www.aps.org/",
"https://apod.nasa.gov/apod/astropix.html",
"http://www.campep.org/",
"http://www.iamp.org/page.php?page=page_start",
"https://www.iau.org/",
"http://www.journal-of-nuclear-physics.com/",
"https://www.lqp2.org/",
"https://www.nordita.org/",
"https://www.sciencedaily.com/",
"https://www.kitp.ucsb.edu/",
"https://www.bioprocessonline.com/",
"https://www.brightstorm.com/science/biology/",
"https://www.cell.com/current-biology/home",
"https://www.cellsalive.com/",
"https://simtk.org",
"https://www.biogeography.org/",
"https://optimalbiotech.com",
"https://www.scbt.com/",
"https://www.journals.elsevier.com/bioorganic-chemistry/",
"https://www.chemistry-conferences.com/",
"https://www.chemistry-conferences.com/",
"https://newbrunswick.rutgers.edu/",
"https://www.journals.elsevier.com/dyes-and-pigments/",
"https://www.nature.com/",
"https://www.sciencedaily.com/",
"http://www.wiredchemist.com/",
"http://www.che.ac.uk/",
"https://ecoclub.com/",
"http://www.ecorights.org/",
"https://www.esajournals.org/",
"https://en.wikipedia.org/wiki/Ecology",
"https://www.ecoparts.com/",
"https://www.ecology.co.uk/",
"https://www.edgeofexistence.org/",
"https://www.gisinecology.com/",
"http://www.humanecologyreview.org/",
"http://kids.nceas.ucsb.edu/",
"https://www.ser.org/",
"http://www.e-standard.org",
"https://www.genengnews.com/",
"https://www.datasheetlocator.com/",
"https://www.rp-photonics.com/encyclopedia.html",
"https://www.sciencedaily.com/",
"https://www.theengineer.co.uk/",
"https://www.theiet.org/",
"https://www.nuclearinst.com/",
"https://en.wikipedia.org/wiki/Engineering",
"https://www.all-about-forensic-science.com/",
"https://www.all-about-forensic-science.com/",
"http://www.americanforensics.org/",
"http://www.binaryintel.com/",
"https://www.compforensics.com/",
"http://www.crime-scene-investigator.net/csi-photo.html",
"https://cyfor.co.uk/",
"https://web.ornl.gov/sci/techresources/Human_Genome/redirect.shtml",
"http://www.wcdebate.com/forensicfriend.htm",
"http://tiafp.org/",
"http://onin.com/fp/",
"https://www.nij.gov/topics/forensics/evidence/dna/Pages/welcome.aspx",
"http://www.netsecurity.com/",
"https://www.forensic-science-society.org.uk/",
"https://www.isfg.org/",
"https://www.thetruthaboutforensicscience.com/",
"https://www.forensic.to/webhome/ejwagner/",
"https://en.wikipedia.org/wiki/Forensic_science",
"https://www.geolsoc.org.uk/",
"https://geology.com/",
"https://www.iamg.org/",
"http://www.fdsn.org/",
"http://www.leedsga.org.uk/",
"https://ngmdb.usgs.gov/ngmdb/ngmdb_home.html",
"https://www.e-sga.org/",
"https://www.plasticsurgerynola.com/",
"https://gal.markel.md",
"http://www.atlco.com",
"https://www.mayoclinic.org/",
"https://morecashforteststrips.com/",
"https://www.mohma.org/",
"https://www.prevention.com/",
"https://tjsbm.com/services/3d-pdf/",
"https://www.climate-charts.com/",
"https://www.meted.ucar.edu/",
"https://www.nhc.noaa.gov/",
"https://www.weather.gov/",
"https://www.tomscott.com/weather/starwars/",
"http://www.centrepeaceconflictstudies.org/",
"http://www.countriesquest.com/",
"https://www.giga-hamburg.de/en/",
"https://ijl.oxfordjournals.org/",
"http://www.isns.us/",
"https://www.isca-speech.org/iscaweb/",
"https://www.ssrc.org/",
"https://www.sociology.org/",
"http://www.bioethics.net/",
"https://www.bls.gov/",
"https://www.wcaanet.org/",
"https://arxiv.org/",
"https://edition.cnn.com/",
"https://www.comsci.com/",
"https://cordis.europa.eu/nanotechnology/home.html",
"https://drywired.com/",
"https://www.engadget.com/",
"http://www.epower-propulsion.com/",
"https://lifehacker.com/",
"https://www.latimes.com/",
"https://www.technologyreview.com/",
"https://video.mit.edu/",
"https://www.mypoweruk.com",
"https://www.nytimes.com/",
"https://www.pcmag.com/",
"https://www.pcworld.com/",
"https://www.popsci.com/",
"https://www.technologyreview.com/",
"https://www.transducertechniques.com",
"http://www.up-ship.com/",
"https://www.usenix.org/",
"http://www.whatisnano.org/",
"https://astronautscholarship.org/",
"https://imagine.gsfc.nasa.gov/",
"http://www.spacefuture.com/",
"https://www.universetoday.com/",
"https://www.windows2universe.org/",
"https://www.vgplasticsurgery.com",
"https://marriagequest.org/",
"https://www.irvinebankruptcylaw.com/",
"https://www.philadelphiacommercialappraisers.com",
"https://www.dhcoit.co.uk/",
"https://www.drain247.co.uk/",
"https://www.mickelsendalton.com/",
"https://democrawonk.com",
"https://www.odysseynewmedia.com/",
"https://www.visionsbyconcrete.com/",
"https://www.masterpiecepavers.com/",
"https://www.pbgrentacar.gr/",
"https://midwestsupplyus.com/",
"https://controlpestmanagement.com.au/locations/brisbane-pest-control/",
"https://www.newarkcommercialappraisers.com",
"https://www.jeffersoncommercialappraisers.com",
"https://www.drryanstanton.com/",
"https://www.bryanarmijomd.com/",
"https://www.tucsoncommercialappraisers.com",
"https://www.elpasocommercialappraisals.com",
"https://www.sarahashley.net.au",
"https://www.feelgoodstore.co.uk/",
"https://www.antiquesboutique.com/",
"https://www.pawnshopjohannesburg.co.za/",
"https://www.watchesofhenleyst.co.uk",
"https://www.armorvenue.com/",
"https://www.christies.com/",
"https://www.christies.com/",
"https://www.collectors.com/",
"http://www.officemuseum.com/",
"https://www.fossilera.com/",
"https://www.hingstons-antiques.co.uk/",
"https://www.housepaintingsale.com",
"https://www.librarything.com/",
"https://www.lifeposters.org/",
"https://www.madisonartshop.com/kopykake-projectors.html",
"https://www.millersantiquesguide.com/",
"https://natedsanders.com/",
"https://www.rejuvenation.com/",
"https://www.richardlawsonpianos.com/",
"https://www.skinnerinc.com/",
"http://www.sothebys.com",
"http://www.sothebys.com/",
"http://www.vennett-smith.com/",
"https://www.theriaults.com/",
"https://www.ten4tow.com/fremont/",
"https://adamsautomotivewoodlands.com/",
"https://kiwicashforcars.co.nz/",
"https://evolutioncoatings.co.uk/",
"https://www.hercules-towing.com/",
"https://www.inglebysgroup.co.uk/",
"https://www.mcnicollvehiclehire.co.uk/",
"https://nextwheelstyres.com/mobile-tyre-fitting-gloucester/",
"https://www.premier-plates.co.uk",
"https://www.scrapcarsremoval.com.au/",
"https://simplybearings.co.uk/",
"https://www.swiftreg.co.uk",
"https://tripletcargotrailers.com/",
"https://nextwheelstyres.com/",
"https://www.ten4tow.com/San-Rafael/",
"https://www.easy-towing.com/",
"https://buyaircraftparts.com/",
"https://www.airportrentals.com.au/",
"https://www.airportrentals.com/australia/perth-domestic-airport-car-rental",
"http://www.automotivedirectories.com",
"https://www.autoauctionmall.com/",
"https://www.autocraze.com.au/",
"http://www.boattrailertires.com",
"https://britishcarregistrations.co.uk",
"https://www.motorcheck.ie/",
"https://www.carcliq.co.uk/",
"https://www.carhp.com",
"https://www.carpaymentcalculator.net/",
"https://www.carreg.co.uk",
"http://www.cartechautoparts.com",
"https://www.rentalimo.com/",
"https://towingfresnoca.com/",
"https://www.diymarketspace.com/?adtype=clearancecars",
"https://www.drivejohnsons.co.uk/",
"https://www.glaciervehicles.com/",
"https://www.golfcartsforsale.com/",
"https://intensivedrivingcourses-bennetts.co.uk/",
"https://kenndybrostowing.com/",
"https://www.losangeleskeyreplacement.com",
"https://www.lvautoglasspros.net/",
"https://www.majorpolicesupply.com/",
"https://www.manchesterdrivertraining.co.uk/",
"https://www.toyota.co.uk/",
"https://www.optic-kleer.co.uk/",
"https://www.ozzytyres.com.au/",
"https://pandoratowing.com/",
"https://www.pinnacleautoglass.com/",
"https://www.remotesandkeys.com/",
"https://secondhandcarsforsale.uk",
"https://seriousdetecting.com/",
"https://www.tailribbons.com/",
"http://www.thecarcover.com/",
"https://tororoadrunners.com/san-jose/",
"https://towingsavers.com/",
"https://truetowing.com",
"https://www.tyrecompany.co.uk/",
"https://www.ukcarmats.co.uk/",
"http://www.pncarsales.com/",
"https://vangadgets.co.uk/",
"https://www.webbsmotorcaravans.co.uk/",
"https://www.wewantanycar.com/",
"https://www.zoomcarloans.com.au",
"http://www.babyjogger.com",
"https://www.babypark.com.hk",
"https://colgatekids.com/",
"https://fuif.nl",
"https://hierbenik.nl/",
"https://hippe-geboortekaartjes.nl",
"http://www.personalizedpartyinvites.com/",
"https://www.smilemakers.com/",
"https://www.stikins.co.uk",
"https://www.thebrainystore.com/",
"http://tinyworld.com.au",
"http://www.beautynewsnyc.com/",
"https://www.beauty.com/",
"http://www.bellaonline.com",
"https://www.woman-health-club.com/category/",
"https://www.abebooks.com/",
"https://www.abebooks.com/",
"http://www.adventurehouse.com/",
"https://www.banyen.com/",
"https://www.barnesandnoble.com/",
"https://www.baumanrarebooks.com/",
"https://www.biblio.com/",
"https://craftsman-book.com/",
"https://www.greenapplebooks.com/",
"https://www.livre-rare-book.com/",
"https://www.moleiro.com/",
"https://www.ncbi.nlm.nih.gov/",
"https://www.npr.org/",
"https://www.oakknoll.com/",
"https://www.octavo.com/",
"http://www.powells.com/",
"https://www.salon.com/",
"http://www.seattlebookfair.com/",
"https://www.strandbooks.com/",
"https://thebookcoverdesigner.com/",
"http://www.chartandmapshop.com.au",
"https://www.huffingtonpost.com/",
"http://onlinebooks.library.upenn.edu/",
"https://www.whsmith.co.uk/",
"http://www.yorkbookfair.com/",
"https://alltorcusa.com/",
"https://www.garagefloorsolution.com/orlando-epoxy-floor",
"https://www.blowmotion.co.uk/",
"https://customneon.com/",
"https://excelcustomdecks.com/oshkosh-deck-builder",
"https://nationalcarparts.co.nz/",
"https://www.policepromote.com/",
"https://yeksdisplay.com/",
"https://voodooneon.com",
"https://www.architekst.com",
"https://www.axisproto.com/",
"https://www.cartridgesdirect.com.au/",
"https://www.church-noticeboards.co.uk",
"http://www.daihananchorchain.com",
"http://www.photopaperdirect.com",
"http://www.sportsbooksoft.com",
"https://www.spycameracctv.com/",
"https://trashcansunlimited.com/",
"https://www.buyvapesbulk.co.uk",
"https://www.driplocker.com/",
"https://www.electronic-cigarettesco.co.uk/",
"https://www.vape4ever.com/",
"https://bigmosmokeshop.com/",
"https://bigdaddysmoke.com/",
"https://www.brotherswithglass.com/",
"https://www.cloudcig.co.uk/",
"https://www.crownhumidors.com",
"https://dankgeek.com/",
"https://dankstop.com/",
"http://www.discountsmokeshop.com/",
"http://www.heavengifts.com",
"https://www.eliquidukstore.com",
"https://www.electrictobacconist.co.uk/",
"https://www.headshopheadquarters.com/",
"https://highlifegoods.com",
"https://www.medusajuice.co.uk/",
"https://www.milehighglasspipes.com/",
"https://nextbardo.com",
"http://www.simplyecig.co.uk/",
"https://www.smokingoutlet.net/",
"https://www.smokshop.com/collections/e-liquids",
"https://www.superiorvapour.com/",
"https://www.tokersupply.com/",
"https://tophattobacco.com/",
"https://vapedrive.com/",
"https://www.vapeactive.com/",
"https://www.vapes.com/",
"https://www.vaporplants.com/",
"https://www.vikingecigs.co.uk/",
"https://www.woodlightercases.com/",
"https://hellomello.com/",
"https://www.missliberty.co.za/",
"https://tshirtatlowprice.com",
"https://www.wishirt.com",
"https://www.zesti.co.uk/",
"https://www.awawork.com/",
"https://www.brantano.co.uk/",
"https://www.coes.co.uk/",
"https://www.damart.co.uk/",
"https://dardanos.com/",
"https://www.deoveritas.com/",
"https://www.dqt.co.uk",
"https://www.dress2party.net/",
"https://www.etsy.com/",
"https://www.evaleather.com/en/",
"https://www.eye-shop.gr/",
"https://www.fishtailparkas.com/",
"http://www.feclothing.com/",
"https://www.furgilets.co.uk/",
"https://www.novo-eyewear.com/",
"https://www.proenzaschouler.com/",
"https://www.progolfshirts.com/",
"http://www.personalized-tee-shirts.com",
"https://www.tkmaxx.com/",
"http://www.upscalestripper.com",
"https://www.vanmildert.com/",
"https://www.handinhandbags.com/",
"https://www.gorillaphones.co.za/",
"http://www.atlantic-computers.com",
"https://www.canadacomputers.com/",
"https://www.cclonline.com/",
"https://www.chatlight.com/",
"https://www.ducktoes.com",
"https://www.engadget.com/",
"http://www.foneshop.com",
"https://www.newegg.com/",
"https://www.pcworld.com/",
"https://www.perceptive-ic.com",
"https://www.speedtechinternational.com/",
"http://www.digitalsunrise.com",
"http://www.tescomobile.com",
"https://www.theaerialguys.co.uk/",
"https://www.barcodefactory.com/",
"http://www.tucows.com/",
"https://www.w3schools.com/",
"https://www.westfield.com.au/",
"https://www.expertresearch-dataanalysishelp.com",
"https://freetestpaper.com",
"https://www.lifepurposeinstitute.com/",
"http://www.cdlponline.org/",
"https://www.columbiasouthern.edu/",
"http://www.edupoint.com/",
"https://essaychat.com/",
"https://www.essayscam.org/",
"https://essaytalk.com/",
"https://www.explorelearning.com/",
"http://www.insidehighered.com/",
"http://www.kovacs.com/",
"http://www.nec.ac.uk/",
"http://www.online-degrees-and-scholarships.com/",
"https://www.studentgrants.org/",
"https://www.tutorfair.com",
"http://www.usdla.org/",
"https://www.universalclass.com/",
"https://ksurf.net/vu/",
"https://www.alivehqrecordingstudios.co.uk/",
"https://www.emusic.com/home/home.html",
"https://www.fye.com/",
"https://www.livenation.com/",
"https://www.modernbrickwarfare.com/",
"https://musichq.co.uk",
"https://www.musicscreen.org/",
"http://www.ticodo.com",
"https://www.nbsparts.com",
"https://www.appletonsweets.co.uk/",
"https://simplycateringequipment.co.uk",
"https://www.epicurious.com/",
"http://www.nolacajun.com",
"https://www.sarunds.co.uk/",
"https://www.smithandwollensky.co.uk/",
"https://spanishchef.net",
"https://www.teavue.com/",
"https://www.wineware.co.uk/",
"https://brokescholar.com/coupon-codes",
"https://www.dealepic.com",
"https://mmanuts.com",
"http://www.refermate.com",
"https://www.marcopromotionalproducts.com/",
"https://www.poundwholesale.co.uk/",
"https://www.edibleblooms.com.au/",
"https://www.beachthemeweddingshop.com/",
"http://www.glasswithatwist.com/",
"http://grabitglasses.com/",
"https://www.harryanddavid.com/",
"https://www.luckies.co.uk/",
"https://personalizedbykate.com",
"http://www.rightgift.com/",
"https://www.bridaleverything.com/",
"https://hygieneunion.com/",
"https://pharmacbd.com/",
"https://www.achooallergy.com/",
"https://www.aerialsusa.com",
"https://www.askthetrainer.com/",
"https://www.fitnessrepublic.com/",
"https://www.fitstraps.co.uk",
"https://www.footstore.com.au",
"https://greatist.com/",
"https://optimum-fitness.net/",
"https://www.personal-trainerbrighton.co.uk/",
"https://www.glasses.com/",
"https://www.teasenz.com/",
"https://www.thevanguardeye.com/",
"https://tigerandson.com",
"https://www.transforming-fitness.com/",
"https://shawtechlighting.com",
"http://www.allthingschristmas.com/",
"https://www.phsgreenleaf.co.uk/",
"https://www.purecostumes.com/",
"https://www.santasquarters.com/",
"https://allgreatappliances.com/",
"https://www.historicalbricks.com/",
"https://www.detectiondrainservices.co.uk/blocked-drains-crawley/",
"https://cedarspringsme.com",
"https://longtopstone.com/",
"https://www.construction-supplies.co.uk/",
"https://www.cowhiderugslondon.co.uk",
"https://ecoscape.co.uk/",
"https://www.greenhomesystems.co.uk/",
"https://homeevolution.net",
"https://industrialrevolution.net/",
"https://magniflex.ae/",
"https://magniflex.ae/",
"https://www.mynextmattress.co.uk/",
"https://www.no1carportsbrisbane.com.au/",
"https://ottomantextiles.com/",
"https://www.redboxtools.com/",
"https://snugsanctuary.com/",
"https://stencilgiant.com",
"https://www.stonepavingdirect.co.uk/",
"https://www.thefinecurtaincompany.co.uk/",
"https://tyronewoodsmhc.com",
"https://welovefire.com/",
"https://www.zerozen.co.uk",
"http://www.alkalinewaterionizers.org/",
"http://www.featherandweave.co.uk",
"https://www.averncleaningsupplies.com/",
"http://www.harborpowerhouse.com",
"https://www.beanbagsrus.com.au",
"https://www.bigapplefuton.com/",
"https://www.bordeauxcandles.com.au/",
"https://beeseal.ca",
"https://www.citycows.co.uk/categories/Cowhide-Rugs/",
"https://www.clearancepaving.co.uk/",
"https://www.londoncows.co.uk/categories/Cowhide-Rugs/",
"https://www.dresstheyard.com/",
"https://www.espressooutlet.net/",
"https://www.euphoriafireplace.co.uk/",
"https://www.ex-cell.com",
"https://www.fontanaforniusa.com/",
"https://www.chrisbowers.co.uk/",
"https://www.furnitureinfashion.net/",
"https://www.furnitureinfashion.net/",
"https://growurban.uk/",
"https://www.hottubbarn.co.uk/",
"https://www.kitchenwarehouseltd.com/",
"https://newbathroomstyle.com/",
"https://nwnaturalappliances.com/",
"https://www.rainbowzebra.co.uk/",
"https://officefurniturescene.co.uk/",
"https://pillowpicker.com",
"https://puredown.com/",
"https://www.quillproductions.co.uk/",
"https://www.rainvac.com",
"https://republicfurnitures.com/",
"https://www.rugstorene.co.uk",
"http://securityservicesok.com",
"https://www.signindustries.com/",
"https://www.sofasunlimited.com/",
"https://www.vanessaarbuthnott.co.uk/",
"https://wallpegstore.com/",
"https://www.webcoat.com/",
"https://www.wineracks.co.uk/",
"https://www.etsy.com/",
"http://www.oecd.org/",
"https://www.ofii.org/",
"https://www.start-sportsbook.com",
"https://www.angara.com",
"https://diamondsbyrothschild.com",
"https://www.finerblack.com",
"https://www.markbroumand.com/",
"https://www.mensrings.co/",
"https://www.mensweddingbands.io/",
"https://www.mensweddingrings.us/",
"https://www.meteoriterings.co/",
"https://playwithdiamonds.com/",
"https://www.smartwatch-straps.co.uk/",
"https://www.woodchronos.com/",
"https://www.bikerringshop.com",
"https://www.butlerandwilson.co.uk/",
"http://www.creativehandnepal.com",
"https://www.diamdb.com/",
"https://www.ditur.dk/",
"https://www.emmaandroe.com.au/",
"https://www.fragments.com/",
"https://www.gs-jj.com",
"https://www.copperreflections.com/",
"https://www.hermj.com/",
"https://www.jewelluna.com",
"http://www.jewelrybund.com",
"http://www.jewelrykind.com",
"http://www.ordersiliconebracelets.com",
"https://prjewel.com/",
"https://www.body-piercing.com",
"https://www.secondhandgoldbuyer.co.in/",
"https://www.stonesandsilver.co.uk/",
"https://stylemyoutfit.com/jewellery.html",
"https://www.thediamondringcompany.co.uk/",
"https://www.georgianjewelry.com/",
"https://www.wholesalefashionsquare.com",
"https://premiumjoy.com",
"https://www.longshoreboats.com/",
"http://www.allhotels.com/",
"http://www.magicalkenya.com/",
"https://www.myteeproducts.com/",
"https://www.planeta.com/",
"https://www.bahamas.com/",
"https://www.tourism.gov.my/",
"http://www.travelterminal.com/",
"https://www.tripadvisor.com/",
"http://www.umtmarine.com/index.php/cranes-chocks/davits",
"http://www.wristbandsnow.com",
"https://skintreatment.com/",
"https://www.quinessence.com/",
"https://www.eoproducts.com/",
"https://houseofpheromones.com/",
"https://www.joyetech.co.uk/",
"https://www.kingsbarberclub.co.uk/",
"https://www.naturesgift.com/",
"https://www.neutrogena.com/",
"https://taoxoandanang.com",
"https://www.tweezerman.com/",
"https://www.adogsbestlife.com.au",
"https://alphaandomegadogtraining.com/",
"https://www.caninejournal.com/halo-collar-reviews/",
"https://technobark.com/halo-collar-review/",
"https://www.vetmax.com",
"https://www.vomhausaudax.com/available-german-shepherds",
"https://www.barkstix.com/",
"https://bettervet.com/locations/pa/philadelphia",
"https://bullymax.com",
"https://www.completeaquatics.co.uk/",
"https://iluvdogs.io",
"https://www.dogtra.com/",
"https://www.emotionalsupportanimalco.com",
"http://everythingbirdsonline.com",
"https://www.marvelousproducts.com/",
"http://meowbrand.com",
"https://www.northridgeamc.com/",
"https://www.petandbabygates.com",
"https://www.petsmart.com/",
"http://www.petsolutions.com/",
"https://www.puppywire.com/",
"https://www.sydneywidepetdoors.com.au/",
"https://therapypet.org",
"https://2weddingphotographers.co.uk/",
"https://bozenavoytko.com/",
"https://www.lavanphoto.com.au/",
"https://loveweddingphotosandfilm.co.uk",
"https://www.studiofreyja.com",
"https://geoffkirbyphotography.co.uk/",
"https://www.nathanwalkerphotography.co.uk",
"https://www.peteryoungs.co.uk/",
"https://www.jolynn-photography.com",
"https://www.marriedtomycamera.com",
"http://www.ablphotography.com",
"https://www.annabellaw.com/",
"http://www.art-support.com/",
"https://www.bigstockphoto.com/",
"http://www.foodesigns.com/",
"https://www.gettyimages.com/",
"https://www.uhdwallpapers.org/",
"https://www.icp.org/",
"https://www.istockphoto.com/",
"https://www.jhoque.com/",
"http://www.tusonphotography.com",
"http://www.lexonphotography.com",
"https://www.jwheadshots.com/",
"https://www.kristenmarieimagery.com",
"https://www.blueskysstudio.com/",
"https://www.emma-janephotography.co.uk",
"https://www.lynnshapiro.co",
"https://maximphotostudio.com/",
"https://www.nyip.edu/",
"http://www.photodo.com/",
"https://www.photography-forums.com/",
"https://www.photographytips.com/",
"https://www.pxbee.com",
"https://www.addmotor.com",
"https://www.prosoccer.com/",
"https://www.yacht-villa.com",
"https://www.leisurelakesbikes.com/",
"https://motherroadcustoms.com/",
"https://www.rugby-city.com/",
"https://www.whitelabelsportsbook.com",
"https://www.christianbook.com/",
"https://www.familychristian.com/",
"https://www.apple.com/",
"https://www.nokia.com/",
"https://www.samsung.com/",
"https://www.sonymobile.com/",
"https://www.tiaonline.org/",
"https://www.unlockninja.com/",
"https://luxefilmography.com",
"https://novaimagery.com",
"https://ourwestwardhearts.com",
"https://www.alivenetwork.com/",
"https://www.americanpavilion.com/",
"https://www.cocomelody.com/",
"https://www.designcentrejewellery.com",
"https://fascinatorsdirect.co.uk",
"https://www.jjshouse.com/",
"http://www.julianvoigtweddingfilms.co.uk/",
"https://madamebridal.com/",
"https://MensWeddingBands.com",
"https://www.myweddingfavors.com/",
"https://www.paperdivas.com.au/",
"https://www.partystar.com.au",
"https://www.dreamdayinvitations.com.au/",
"https://evancrosbyseo.com",
"https://bittner.com/",
"https://contentwriting.org/",
"https://custompapers.com/",
"https://essaycoupons.com/",
"https://graduatewriter.com/",
"http://wordeng.com",
"https://writersperhour.com",
"https://www.bizrate.com/",
"http://www.dealfy.co.uk",
"https://floorjacktips.com/",
"https://www.glassdiningtables.co.uk",
"https://www.fireworks.us/",
"https://www.mensfashionclothing.co.uk/",
"https://www.nattyshirts.com/",
"https://noveltystreet.com",
"https://www.shoplocal.com/",
"http://www.surveycares.com",
"http://thestore.com",
"https://www.bizrate.com/",
"http://www.dealfy.co.uk",
"https://floorjacktips.com/",
"https://www.glassdiningtables.co.uk",
"https://www.fireworks.us/",
"https://www.mensfashionclothing.co.uk/",
"https://www.nattyshirts.com/",
"https://noveltystreet.com",
"https://www.shoplocal.com/",
"http://www.surveycares.com",
"http://thestore.com",
"https://www.bizrate.com/",
"http://www.dealfy.co.uk",
"https://floorjacktips.com/",
"https://www.glassdiningtables.co.uk",
"https://www.fireworks.us/",
"https://www.mensfashionclothing.co.uk/",
"https://www.nattyshirts.com/",
"https://noveltystreet.com",
"https://www.shoplocal.com/",
"http://www.surveycares.com",
"http://thestore.com",
"https://www.bizrate.com/",
"http://www.dealfy.co.uk",
"https://floorjacktips.com/",
"https://www.glassdiningtables.co.uk",
"https://www.fireworks.us/",
"https://www.mensfashionclothing.co.uk/",
"https://www.nattyshirts.com/",
"https://noveltystreet.com",
"https://www.shoplocal.com/",
"http://www.surveycares.com",
"http://thestore.com",
"https://www.tigerspecs.co.uk/",
"https://www.tradebearings.com",
"https://www.tigerspecs.co.uk/",
"https://www.tradebearings.com",
"https://www.tigerspecs.co.uk/",
"https://www.tradebearings.com",
"https://www.bizrate.com/",
"http://www.dealfy.co.uk",
"https://floorjacktips.com/",
"https://www.glassdiningtables.co.uk",
"https://www.fireworks.us/",
"https://www.mensfashionclothing.co.uk/",
"https://www.nattyshirts.com/",
"https://noveltystreet.com",
"https://www.shoplocal.com/",
"http://www.surveycares.com",
"http://thestore.com",
"https://www.bizrate.com/",
"http://www.dealfy.co.uk",
"https://floorjacktips.com/",
"https://www.glassdiningtables.co.uk",
"https://www.fireworks.us/",
"https://www.mensfashionclothing.co.uk/",
"https://www.nattyshirts.com/",
"https://noveltystreet.com",
"https://www.shoplocal.com/",
"http://www.surveycares.com",
"http://thestore.com",
"https://www.bizrate.com/",
"http://www.dealfy.co.uk",
"https://floorjacktips.com/",
"https://www.glassdiningtables.co.uk",
"https://www.fireworks.us/",
"https://www.mensfashionclothing.co.uk/",
"https://www.nattyshirts.com/",
"https://noveltystreet.com",
"https://www.shoplocal.com/",
"http://www.surveycares.com",
"http://thestore.com",
"https://www.bizrate.com/",
"http://www.dealfy.co.uk",
"https://floorjacktips.com/",
"https://www.glassdiningtables.co.uk",
"https://www.fireworks.us/",
"https://www.mensfashionclothing.co.uk/",
"https://www.nattyshirts.com/",
"https://noveltystreet.com",
"https://www.shoplocal.com/",
"http://www.surveycares.com",
"http://thestore.com",
"https://www.vgplasticsurgery.com",
"https://marriagequest.org/",
"https://www.irvinebankruptcylaw.com/",
"https://www.philadelphiacommercialappraisers.com",
"https://www.dhcoit.co.uk/",
"https://www.drain247.co.uk/",
"https://www.mickelsendalton.com/",
"https://democrawonk.com",
"https://www.odysseynewmedia.com/",
"https://www.visionsbyconcrete.com/",
"https://www.masterpiecepavers.com/",
"https://www.pbgrentacar.gr/",
"https://midwestsupplyus.com/",
"https://controlpestmanagement.com.au/locations/brisbane-pest-control/",
"https://www.newarkcommercialappraisers.com",
"https://www.jeffersoncommercialappraisers.com",
"https://www.drryanstanton.com/",
"https://www.bryanarmijomd.com/",
"https://www.tucsoncommercialappraisers.com",
"https://www.elpasocommercialappraisals.com",
"https://www.apnic.net/",
"https://en.wikipedia.org/wiki/Asia",
"https://en.wikipedia.org/wiki/Europe",
"https://www.nationalgeographic.com/",
"https://library.novascotia.ca/",
"https://www.argentour.com/en/index.php",
"http://www.atlapedia.com/online/countries/argentin.htm",
"http://www.bcra.gov.ar/",
"http://www.cera.org.ar/new-site/index.php",
"http://www.cira.org.ar/",
"https://www.clubdeldisco.com/",
"http://www.fundacionkonex.com.ar/",
"https://www.spanishcourses.com.ar/",
"http://www.loc.gov/law/help/guide.php",
"https://www.parati.com.ar/",
"http://www.proa.org/esp/",
"https://www.boliviaweekly.com/",
"http://www.brazilianmusic.com/",
"https://file.org.br/",
"https://www.ibp.org.br/",
"https://www.nesobrazil.org/",
"https://www.rio-carnival.net/",
"https://www.teatrodeanonimo.com.br/",
"https://www.uol.com.br/",
"https://www.visitbrasil.com/",
"https://www.mycolombianrecipes.com/",
