"https://www.autoinsuresavings.org/nebraska-cheapest-car-insurance/",
"https://www.necounseling.org/",
"https://www.dmv.org/",
"https://www.nebraskamed.com/",
"https://www.unl.edu/",
"http://www.eventplanningamsterdam.com",
"https://www.government.nl/",
"https://www.studyinholland.nl/",
"https://www.wanaport.com",
"https://www.aryaka.com/",
"http://www.ai.co.uk",
"https://luminet.co.uk",
"https://www.milestechnologies.com/",
"https://www.networkcomputing.com/",
"https://www.networkworld.com/",
"https://personaltelco.net/wiki",
"https://www.realtimeca.com/",
"https://www.sonicwall-sales.com/",
"https://www.wimaxforum.org/",
"https://www.acrepairslasvegas.com/",
"https://www.blm.gov/nv/st/en.html",
"http://www.nevadacharters.org/",
"http://www.lakelasvegasnv.org",
"https://www.nvadministrator.org/",
"http://nvsos.gov/",
"http://nv.gov/",
"https://www.unr.edu/",
"https://www.aanb.org/",
"https://www.nbanh.com/",
"https://www.nbaot.org/",
"https://www.highlandgames.ca/",
"https://world.einnews.com/news/new-brunswick",
"https://www.remedy-nh.com/",
"https://www.nhab.org/",
"https://www.nhha.org/",
"https://staffhunters.net/",
"https://www.autoinsuresavings.org/new-jersey-cheapest-car-insurance/",
"https://nj.gov/state/njsca/index.html",
"https://cytrynlaw.com/",
"http://www.bradleyfhmarlton.com",
"https://newarkcares.com/",
"https://www.princeton.edu/",
"https://www.autoinsuresavings.org/new-mexico-cheapest-car-insurance/",
"https://www.express-storage.com/",
"https://www.newmexico.org/",
"https://www.santafenm.gov/",
"https://www.bkblaw.net/",
"https://www.autoinsuresavings.org/new-york-cheapest-car-insurance/",
"https://www.iloveny.com/",
"http://www.NewYorkToursNYC.com",
"https://timothyhillacademy.com/",
"https://casinodeps.co.nz/safe-casinos/",
"https://stellarjobs.co.nz",
"https://www.justice.gov/",
"https://www.gov.nl.ca/",
"https://www.gov.nl.ca/ecc/",
"https://www.monsterandbear.com.au",
"http://www.abc.net.au/",
"https://www.foxtel.com.au/",
"http://www.magazines.org.au/",
"https://www.news.com.au/",
"http://www.topix.com/world/australia",
"https://democrawonk.com",
"https://edition.cnn.com/",
"https://www.reuters.com/",
"https://www.nytimes.com/",
"https://www.house.gov/",
"https://www.senate.gov/",
"https://www.cpsc.gov/",
"http://www.breakthroughentertainment.com/",
"http://www.channelcanada.com/",
"https://www.radio-locator.com/cgi-bin/page?page=provs",
"https://this.org/",
"https://www.stuff.co.nz/",
"https://www.tumaimagazine.com/",
"https://www.expertsources.co.uk/",
"http://www.journalistsforum.com/",
"http://www.videoimageprod.co.uk",
"https://axcessnews.com/",
"http://www.bbcamerica.com/",
"https://www.cbsnews.com/",
"https://www.reuters.com/",
"http://watchingamerica.com/",
"https://www.afp.com/newsletter/english/newsletter/newsletter.html",
"https://edition.cnn.com/",
"https://www.latimes.com/",
"https://www.nytimes.com/",
"https://abcnews.go.com/",
"https://www.cbsnews.com/",
"https://www.chicagotribune.com/",
"https://www.csmonitor.com/",
"https://www.cleveland.com/plaindealer/",
"https://www.dailymail.co.uk/",
"https://www.denverpost.com/",
"https://www.ft.com/",
"https://www.courant.com/",
"https://www.dailynews.com/",
"https://www.latimes.com/",
"https://www.jsonline.com/",
"https://www.nola.com/",
"https://www.nydailynews.com/",
"https://nypost.com/",
"https://www.newsday.com/",
"https://www.ocregister.com/",
"https://www.oregonlive.com/oregonian/",
"https://www.orlandosentinel.com/",
"https://www.philstar.com/",
"https://www.roundnews.com/",
"https://www.mysanantonio.com/",
"https://www.sfgate.com/",
"https://www.sfgate.com/",
"https://www.mercurynews.com/",
"https://www.twincities.com/",
"https://www.sun-sentinel.com/",
"https://www.chicagotribune.com/",
"https://www.latimes.com/",
"https://www.nydailynews.com/",
"https://www.nytimes.com/",
"https://www.nytimes.com/",
"https://www.washingtontimes.com/",
"https://www.usatoday.com/",
"http://www.wan-ifra.org/",
"https://www.versisamerica.it",
"https://www.completenorthamerica.com/",
"https://titantransline.com/",
"http://www.alpa.org/",
"https://www.arlisna.org/",
"https://www.arlisna.org/",
"https://www.butterfliesandmoths.org/",
"https://www.cpwr.com/",
"https://dovestones.com",
"https://www.rentalimo.com/",
"https://www.pbs.org/",
"https://www.umwa.org/",
"https://www.ufw.org/",
"https://en.wikipedia.org/wiki/North_America",
"https://www.joepayneweddingphotography.com",
"http://www.attorneystitle.com/",
"http://www.carolinawork.com",
"http://www.dennisvineyards.com/",
"https://www.devact.com/",
"https://www.duke.edu/",
"https://www.cs.duke.edu/",
"https://gbenergy.com/",
"https://www.goldenleaf.org/",
"https://www.ies.ncsu.edu/",
"https://www.krispykreme.com/",
"https://ncpmi.org/",
"https://www.nccattle.com/",
"http://www.partnershealth.com/",
"https://www.biltmore.com/",
"https://www.ndchamber.com/",
"https://www.ndsu.edu/",
"https://www.xn--billigeforbruksln-orb.no",
"https://xn--forbruksln-listen-hrb.no/",
"https://www.xn--forbruksln-95a.no",
"https://kryptolisten.no/",
"https://www.matkasse.guide/",
"https://xn--byttstrmmen-mgb.no/",
"https://www.energyrent.no/",
"https://www.isstavanger.no/",
"https://www.kredittkortinfo.no/",
"https://www.refinansiere.net/",
"https://www.sos-barnebyer.no/",
"https://www.atins.org/",
"https://www.dancens.ca/",
"https://www.engineersnovascotia.ca/",
"https://www.nscc.ca/",
"https://www.library.ns.ca/",
"https://www.nstalenttrust.ns.ca/",
"http://www.visualarts.ns.ca/",
"https://www.vgplasticsurgery.com",
"https://marriagequest.org/",
"https://www.irvinebankruptcylaw.com/",
"https://www.philadelphiacommercialappraisers.com",
"https://www.dhcoit.co.uk/",
"https://www.drain247.co.uk/",
"https://www.mickelsendalton.com/",
"https://democrawonk.com",
"https://www.odysseynewmedia.com/",
"https://www.visionsbyconcrete.com/",
"https://www.masterpiecepavers.com/",
"https://www.pbgrentacar.gr/",
"https://midwestsupplyus.com/",
"https://controlpestmanagement.com.au/locations/brisbane-pest-control/",
"https://www.newarkcommercialappraisers.com",
"https://www.jeffersoncommercialappraisers.com",
"https://www.drryanstanton.com/",
"https://www.bryanarmijomd.com/",
"https://www.tucsoncommercialappraisers.com",
"https://www.elpasocommercialappraisals.com",
"https://www.apnic.net/",
"https://en.wikipedia.org/wiki/Asia",
"https://en.wikipedia.org/wiki/Europe",
"https://www.nationalgeographic.com/",
"https://library.novascotia.ca/",
"http://aaanz.info/",
"https://www.iesanz.org/",
"http://www.janeresture.com/",
"https://www.oceaniacruises.com/",
"https://www.oceaniafootball.com/ofc/",
"http://www.oceaniaweightlifting.com/",
"https://www.oceaniafootball.com/ofc/",
"https://www.pica-org.org/",
"http://www.pacificislands.com/",
"https://pidp.eastwestcenter.org/pireport/",
"http://www.oceania.org.au/",
"https://en.wikipedia.org/wiki/Oceania",
"https://www.evanz.co.nz/",
"https://www.foodshow.co.nz/",
"https://www.nzwg.org.nz/",
"https://www.decrastrip.co.nz/",
"https://www.nzte.govt.nz/",
"https://www.isnz.org.nz/",
"http://www.learnz.org.nz/",
"http://www.montessori.org.nz/",
"https://www.nzase.org.nz/",
"http://www.nzpf.ac.nz/",
"https://www.dpmc.govt.nz/",
"https://www.treasury.govt.nz/",
"https://www.gg.govt.nz/",
"https://www.metlifecare.co.nz/",
"https://www.nsoms.co.nz/",
"https://www.acc.co.nz/",
"https://www.arthritis.org.nz/",
"http://www.cht.co.nz/",
"https://www.clmnz.co.nz/",
"http://www.dml.co.nz/",
"http://www.enable.co.nz/",
"https://www.hdc.org.nz/",
"http://www.mooseyscountrygarden.com/",
"http://gardens.co.nz/",
"https://www.palmers.co.nz/",
"https://www.stuff.co.nz/",
"https://www.tumaimagazine.com/",
"https://www.bayleys.co.nz/",
"https://www.harcourts.co.nz/",
"http://www.ironbridge.co.nz/",
"http://www.nz.open2view.com/",
"https://www.propertybrokers.co.nz/",
"http://www.poisonpawn.co.nz/",
"https://www.nzis.co.nz/",
"http://www.nzpca.org/",
"http://www.wake.co.nz/",
"https://www.pistolnz.org.nz/",
"https://www.3wisemen.co.nz/",
"https://www.barkersonline.co.nz/",
"https://www.bigandtall.co.nz/",
"https://www.budflorists.co.nz/",
"https://www.endlesspools.co.nz/",
"https://www.aia.org/",
"https://www.busandcoach.co.nz/",
"http://www.corporatecabs.co.nz/",
"http://www.nzbike.com/",
"http://www.pacifichorizon.co.nz/",
"https://www.supershuttle.co.nz/",
"http://www.ferrytickets.co.nz",
"https://www.newzealand.com/",
"http://www.browntroutheaven.com/",
"http://www.newzealandskionline.com/",
"https://www.southernscenicroute.co.nz/",
"https://www.ultimatehikes.co.nz/",
"https://www.vgplasticsurgery.com",
"https://marriagequest.org/",
"https://www.irvinebankruptcylaw.com/",
"https://www.philadelphiacommercialappraisers.com",
"https://www.dhcoit.co.uk/",
"https://www.drain247.co.uk/",
"https://www.mickelsendalton.com/",
"https://democrawonk.com",
"https://www.odysseynewmedia.com/",
"https://www.visionsbyconcrete.com/",
"https://www.masterpiecepavers.com/",
"https://www.pbgrentacar.gr/",
"https://midwestsupplyus.com/",
"https://controlpestmanagement.com.au/locations/brisbane-pest-control/",
"https://www.newarkcommercialappraisers.com",
"https://www.jeffersoncommercialappraisers.com",
"https://www.drryanstanton.com/",
"https://www.bryanarmijomd.com/",
"https://www.tucsoncommercialappraisers.com",
"https://www.elpasocommercialappraisals.com",
"https://beezzly.com/",
"https://www.gaming.net",
"https://lerablog.org/",
"https://www.menswearstyle.co.uk/",
"https://www.theatlantic.com/",
"https://www.elle.com/",
"http://failuremag.com/",
"http://foundmagazine.com/",
"https://pingbacklinks.com",
"https://www.inthesnow.com/",
"https://www.laphamsquarterly.org/",
"https://www.newszoom.com/",
"https://okmagazine.com/",
"https://www.opendemocracy.net/",
"https://www.parents.com/",
"https://www.realsimple.com/",
"https://www.rigaslaiks.lv/",
"https://www.salon.com/",
"https://www.theatlantic.com/",
"https://www.nytimes.com/",
"https://www.theparisreview.org/",
"https://www.spectator.co.uk/",
"https://thesunmagazine.org/",
"https://thewalrus.ca/",
"https://www.usatoday.com/",
"https://www.womansday.com/",
"https://www.worldandi.com/",
"https://www.yogajournal.com/",
"https://www.afp.com/newsletter/english/newsletter/newsletter.html",
"https://edition.cnn.com/",
"https://www.latimes.com/",
"https://www.nytimes.com/",
"https://abcnews.go.com/",
"https://www.cbsnews.com/",
"https://www.chicagotribune.com/",
"https://www.csmonitor.com/",
"https://www.cleveland.com/plaindealer/",
"https://www.dailymail.co.uk/",
"https://www.denverpost.com/",
"https://www.ft.com/",
"https://www.courant.com/",
"https://www.dailynews.com/",
"https://www.latimes.com/",
"https://www.jsonline.com/",
"https://www.nola.com/",
"https://www.nydailynews.com/",
"https://nypost.com/",
"https://www.newsday.com/",
"https://www.ocregister.com/",
"https://www.oregonlive.com/oregonian/",
"https://www.orlandosentinel.com/",
"https://www.philstar.com/",
"https://www.roundnews.com/",
"https://www.mysanantonio.com/",
"https://www.sfgate.com/",
"https://www.sfgate.com/",
"https://www.mercurynews.com/",
"https://www.twincities.com/",
"https://www.sun-sentinel.com/",
"https://www.chicagotribune.com/",
"https://www.latimes.com/",
"https://www.nydailynews.com/",
"https://www.nytimes.com/",
"https://www.nytimes.com/",
"https://www.washingtontimes.com/",
"https://www.usatoday.com/",
"http://www.wan-ifra.org/",
"http://www.ace.mu.nu/",
"https://www.americandigest.org/",
"https://www.apsanet.org/",
"http://nicedoggie.net/",
"https://www.balloon-juice.com/",
"http://www.burntorangereport.com/",
"https://crooksandliars.com/",
"https://www.dailykos.com/",
"https://www.dailykos.com/",
"https://www.dailypundit.com/",
"https://damianpenny.wordpress.com/",
"http://www.dickmorris.com/",
"http://www.doktorfrank.com/",
"http://www.drudgereport.com/",
"http://empirenotes.org/",
"https://www.cbsnews.com/",
"https://www.globalsherpa.org/",
"http://www.gopusa.com/",
"https://hotair.com/",
"https://pjmedia.com/instapundit/",
"https://www.journalofdemocracy.org/",
"https://www.juancole.com/",
"https://leanleft.com/",
"http://www.liberaloasis.com/",
"http://livingliberally.org/",
"https://www.memeorandum.com/",
"http://www.partypolitics.org/",
"https://www.politico.com/",
"https://www.realclearpolitics.com/",
"https://www.redstate.com/",
"http://rightwingnuthouse.com/",
"https://pjmedia.com/rogerlsimon/",
"https://www.salon.com/",
"https://politics.slashdot.org/",
"https://sluggerotoole.com/",
"https://sp.oxfordjournals.org/",
"https://talkingpointsmemo.com/",
"https://talkingpointsmemo.com/",
"http://www.belgraviadispatch.com/",
"https://www.theblaze.com/",
"https://www.csmonitor.com/",
"http://dish.andrewsullivan.com/",
"https://www.huffingtonpost.com/",
"http://www.theleftcoaster.com/",
"https://www.thenation.com/",
"https://twq.elliott.gwu.edu/",
"https://thinkprogress.org/",
"http://www.thoughtmechanics.com/",
"http://www.waynemadsenreports.com",
"https://www.thehardtail.com",
"http://www.amsnow.com/",
"https://www.cbc.ca/sports/",
"https://www.cbc.ca/sports/",
"https://www.cbssports.com/",
"https://www.cbssports.com/",
"https://www.cbssports.com/",
"https://deadspin.com/",
"https://deadspin.com/",
"https://www.doitsports.com/",
"http://www.draft.net/",
"http://www.esb.com/",
"https://www.flashscore.com/",
"https://msn.foxsports.com/",
"https://www.foxsports.com/",
"https://www.insidesport.com.au/",
"http://www.intlgymnast.com/",
"https://www.latimes.com/",
"https://www.nbcsports.com/",
"https://www.nbcsports.com/",
"https://www.rivals.com/",
"https://www.sbnation.com/",
"http://www.speedwaynz.com/",
"https://www.sportinglife.com/",
"https://www.si.com/",
"https://www.si.com/",
"https://www.sportsfilter.com/",
"https://www.sportsmanias.com/",
"http://www.squashplayer.co.uk/",
"http://thesportjournal.org/",
"https://www.tsn.ca/",
"https://www.volleyballmag.com/",
"https://en.wikipedia.org/wiki/Game_of_Thrones",
"https://www.sky.com/",
"https://www.byutv.org/",
"https://www.cinemax.com/",
"https://edition.cnn.com/",
"https://www.excelman.com/",
"https://www.fuse.tv/",
"https://www.golfchannel.com/",
"https://www.gsn.com/",
"https://www.ifc.com/",
"https://www.itv.com/",
"https://www.mylifetime.com/",
"https://www.msg.com/",
"https://www.mnn.org/",
"http://www.mynetworktv.com/",
"https://www.ovhdinstallers.co.za/",
"https://www.pbs.org/",
"https://www.pbs.org/",
"http://www.roku-channels.com",
"https://www.shophq.com/",
"https://www.tcm.com/",
"https://www.biography.com/",
"https://www.c-span.org/",
"https://www.tvw.org/",
"https://www.vgplasticsurgery.com",
"https://marriagequest.org/",
"https://www.irvinebankruptcylaw.com/",
"https://www.philadelphiacommercialappraisers.com",
"https://www.dhcoit.co.uk/",
"https://www.drain247.co.uk/",
"https://www.mickelsendalton.com/",
"https://democrawonk.com",
"https://www.odysseynewmedia.com/",
"https://www.visionsbyconcrete.com/",
"https://www.masterpiecepavers.com/",
"https://www.pbgrentacar.gr/",
"https://midwestsupplyus.com/",
"https://controlpestmanagement.com.au/locations/brisbane-pest-control/",
"https://www.newarkcommercialappraisers.com",
"https://www.jeffersoncommercialappraisers.com",
"https://www.drryanstanton.com/",
"https://www.bryanarmijomd.com/",
"https://www.tucsoncommercialappraisers.com",
"https://www.elpasocommercialappraisals.com",
"https://www.apnic.net/",
"https://en.wikipedia.org/wiki/Asia",
"https://en.wikipedia.org/wiki/Europe",
"https://www.nationalgeographic.com/",
"https://library.novascotia.ca/",
"https://myperch.io/canada-interest-rate-forecast/",
"https://www.perchcapital.ca",
"https://www.apple.com/",
"https://www.bcsc.bc.ca/",
"https://www.monster.ca/",
"https://www.sedar.com/",
"https://en.wikipedia.org/wiki/Canada",
"https://www.yourworkplace.ca/",
"https://www.cerrajerometropr.com",
"https://www.southernimagingcopiers.com/",
"https://viplimopr.com",
"https://www.aam-us.org/",
"https://www.rentalimo.com/",
"https://teenchallengeschools.com/",
"https://www.loa.org/",
"http://usgenweb.org/",
"https://www.tucerrajeropr.com/",
"https://www.justice.gov/",
"https://www.usatoday.com/",
"https://www.usa.gov/",
"https://www.usembassy.gov/",
"https://en.wikipedia.org/wiki/United_States",
"https://www.vgplasticsurgery.com",
"https://marriagequest.org/",
"https://www.irvinebankruptcylaw.com/",
"https://www.philadelphiacommercialappraisers.com",
"https://www.dhcoit.co.uk/",
"https://www.drain247.co.uk/",
"https://www.mickelsendalton.com/",
"https://democrawonk.com",
"https://www.odysseynewmedia.com/",
"https://www.visionsbyconcrete.com/",
"https://www.masterpiecepavers.com/",
"https://www.pbgrentacar.gr/",
"https://midwestsupplyus.com/",
"https://controlpestmanagement.com.au/locations/brisbane-pest-control/",
"https://www.newarkcommercialappraisers.com",
"https://www.jeffersoncommercialappraisers.com",
"https://www.drryanstanton.com/",
"https://www.bryanarmijomd.com/",
"https://www.tucsoncommercialappraisers.com",
"https://www.elpasocommercialappraisals.com",
"http://www.africaphotos.com/",
"https://www.jhbremovals.co.za/",
"http://www.mamahappyness.com",
"https://www.pbs.org/",
"https://www.skillsacademy.co.za/",
"http://www.swikiri.com/",
"https://www.treefelling.co.il",
"https://www.compeer.my/",
"https://www.hrw.org/asia",
"https://asiasociety.org/",
"https://www.apec.org/",
"http://www.bulletinasiainstitute.org/",
"https://asiafoundation.org/",
"https://en.wikipedia.org/wiki/Asia",
"https://www.bankweb.com/",
"https://www.ccr-zkr.org/",
"https://www.eu-japan.eu/",
"https://www.eurodns.com/",
"https://www.nyttigbras.dk/",
"https://www.britishempire.co.uk/",
"https://www.trackerintelligence.com/",
"https://www.unece.org/",
"https://en.wikipedia.org/wiki/Europe",
"http://www.alpa.org/",
"https://www.arlisna.org/",
"https://www.arlisna.org/",
"https://www.butterfliesandmoths.org/",
"https://www.cpwr.com/",
"https://dovestones.com",
"https://www.rentalimo.com/",
"https://www.pbs.org/",
"https://www.umwa.org/",
"https://www.ufw.org/",
"https://en.wikipedia.org/wiki/North_America",
"http://aaanz.info/",
"https://www.iesanz.org/",
"http://www.janeresture.com/",
"https://www.oceaniacruises.com/",
"https://www.oceaniafootball.com/ofc/",
"http://www.oceaniaweightlifting.com/",
"https://www.oceaniafootball.com/ofc/",
"https://www.pica-org.org/",
"http://www.pacificislands.com/",
"https://pidp.eastwestcenter.org/pireport/",
"http://www.oceania.org.au/",
"https://en.wikipedia.org/wiki/Oceania",
"https://alainet.org/",
"https://www.sas.upenn.edu/~cerickso/applied.html",
"http://www.coha.org/",
"http://www.andes.org/",
"https://www.desinventar.org/",
"http://www.gringos.com/",
"https://www.ustr.gov/countries-regions/americas",
"http://www.orinoco.org/",
"https://www.fodors.com/",
"http://www.travel-amazing-southamerica.com/",
"https://www.volunteerlatinamerica.com/",
"http://www.volunteersouthamerica.net/",
"https://www.vgplasticsurgery.com",
"https://marriagequest.org/",
"https://www.irvinebankruptcylaw.com/",
"https://www.philadelphiacommercialappraisers.com",
"https://www.dhcoit.co.uk/",
"https://www.drain247.co.uk/",
"https://www.mickelsendalton.com/",
"https://democrawonk.com",
"https://www.odysseynewmedia.com/",
"https://www.visionsbyconcrete.com/",
"https://www.masterpiecepavers.com/",
"https://www.pbgrentacar.gr/",
"https://midwestsupplyus.com/",
"https://controlpestmanagement.com.au/locations/brisbane-pest-control/",
"https://www.newarkcommercialappraisers.com",
"https://www.jeffersoncommercialappraisers.com",
"https://www.drryanstanton.com/",
"https://www.bryanarmijomd.com/",
"https://www.tucsoncommercialappraisers.com",
"https://www.elpasocommercialappraisals.com",
"https://www.apnic.net/",
"https://en.wikipedia.org/wiki/Asia",
"https://en.wikipedia.org/wiki/Europe",
"https://www.nationalgeographic.com/",
"https://library.novascotia.ca/",
"https://www.emergico.com.au/",
"https://bags247.com.au/",
"https://www.adayonthegreen.com.au/",
"https://www.artslaw.com.au/",
"https://acp.org.au/",
"https://www.acma.gov.au/",
"https://www.australia.gov.au/",
"https://www.corporatemediaservices.com.au/",
"https://www.energypower.com.au/",
"https://www.exhaust-fan-repairs.com.au",
"https://www.ibsa.org.au/",
"http://www.portolesi.com.au/",
"https://asianinspirations.com.au",
"https://en.wikipedia.org/wiki/Australia",
"http://fta.org.fj/",
"http://fijilive.com/",
"http://fijivillage.com/",
"http://www.health.gov.fj/",
"http://www.fsmgov.org/",
"https://casinodeps.co.nz/safe-casinos/",
"https://stellarjobs.co.nz",
"http://www.fao.org/countryprofiles/index/en/?lang=en&amp;iso3=PLW",
"https://www.picrc.org/",
"http://www.anz.com/samoa/en/personal/",
"https://www.cbs.gov.ws/",
"http://www.cccs.org.ws/",
"https://www.mesc.gov.ws/",
"https://www.mof.gov.ws/",
"http://www.pina.com.fj/",
"https://www.psc.gov.ws/",
"http://www.same.org.ws/",
"http://www.topix.com/world/oceania",
"http://www.commerce.gov.sb/",
"https://www.adb.org/countries/solomon-islands/main",
"https://en.wikipedia.org/wiki/Solomon_Islands",
"http://www.govanuatu.com/",
"http://www.honeymoonvanuatu.com/",
"https://www.vgplasticsurgery.com",
"https://marriagequest.org/",
"https://www.irvinebankruptcylaw.com/",
"https://www.philadelphiacommercialappraisers.com",
"https://www.dhcoit.co.uk/",
"https://www.drain247.co.uk/",
"https://www.mickelsendalton.com/",
"https://democrawonk.com",
"https://www.odysseynewmedia.com/",
"https://www.visionsbyconcrete.com/",
"https://www.masterpiecepavers.com/",
"https://www.pbgrentacar.gr/",
"https://midwestsupplyus.com/",
"https://controlpestmanagement.com.au/locations/brisbane-pest-control/",
"https://www.newarkcommercialappraisers.com",
"https://www.jeffersoncommercialappraisers.com",
"https://www.drryanstanton.com/",
"https://www.bryanarmijomd.com/",
"https://www.tucsoncommercialappraisers.com",
"https://www.elpasocommercialappraisals.com",
"http://www.africaphotos.com/",
"https://www.jhbremovals.co.za/",
"http://www.mamahappyness.com",
"https://www.pbs.org/",
"https://www.skillsacademy.co.za/",
"http://www.swikiri.com/",
"https://www.treefelling.co.il",
"https://www.compeer.my/",
"https://www.hrw.org/asia",
"https://asiasociety.org/",
"https://www.apec.org/",
"http://www.bulletinasiainstitute.org/",
"https://asiafoundation.org/",
"https://en.wikipedia.org/wiki/Asia",
"https://www.bankweb.com/",
"https://www.ccr-zkr.org/",
"https://www.eu-japan.eu/",
"https://www.eurodns.com/",
"https://www.nyttigbras.dk/",
"https://www.britishempire.co.uk/",
"https://www.trackerintelligence.com/",
"https://www.unece.org/",
"https://en.wikipedia.org/wiki/Europe",
"http://www.alpa.org/",
"https://www.arlisna.org/",
"https://www.arlisna.org/",
"https://www.butterfliesandmoths.org/",
"https://www.cpwr.com/",
"https://dovestones.com",
"https://www.rentalimo.com/",
"https://www.pbs.org/",
"https://www.umwa.org/",
"https://www.ufw.org/",
"https://en.wikipedia.org/wiki/North_America",
"http://aaanz.info/",
"https://www.iesanz.org/",
"http://www.janeresture.com/",
"https://www.oceaniacruises.com/",
"https://www.oceaniafootball.com/ofc/",
"http://www.oceaniaweightlifting.com/",
"https://www.oceaniafootball.com/ofc/",
"https://www.pica-org.org/",
"http://www.pacificislands.com/",
"https://pidp.eastwestcenter.org/pireport/",
"http://www.oceania.org.au/",
"https://en.wikipedia.org/wiki/Oceania",
"https://alainet.org/",
"https://www.sas.upenn.edu/~cerickso/applied.html",
"http://www.coha.org/",
"http://www.andes.org/",
"https://www.desinventar.org/",
"http://www.gringos.com/",
"https://www.ustr.gov/countries-regions/americas",
"http://www.orinoco.org/",
"https://www.fodors.com/",
"http://www.travel-amazing-southamerica.com/",
"https://www.volunteerlatinamerica.com/",
"http://www.volunteersouthamerica.net/",
"https://www.vgplasticsurgery.com",
"https://marriagequest.org/",
"https://www.irvinebankruptcylaw.com/",
"https://www.philadelphiacommercialappraisers.com",
"https://www.dhcoit.co.uk/",
"https://www.drain247.co.uk/",
"https://www.mickelsendalton.com/",
"https://democrawonk.com",
"https://www.odysseynewmedia.com/",
"https://www.visionsbyconcrete.com/",
"https://www.masterpiecepavers.com/",
"https://www.pbgrentacar.gr/",
"https://midwestsupplyus.com/",
"https://controlpestmanagement.com.au/locations/brisbane-pest-control/",
"https://www.newarkcommercialappraisers.com",
"https://www.jeffersoncommercialappraisers.com",
"https://www.drryanstanton.com/",
"https://www.bryanarmijomd.com/",
"https://www.tucsoncommercialappraisers.com",
"https://www.elpasocommercialappraisals.com",
"https://www.apnic.net/",
"https://en.wikipedia.org/wiki/Asia",
"https://en.wikipedia.org/wiki/Europe",
"https://www.nationalgeographic.com/",
"https://library.novascotia.ca/",
"http://www.alpa.org/",
"https://www.arlisna.org/",
"https://www.arlisna.org/",
"https://www.butterfliesandmoths.org/",
"https://www.cpwr.com/",
"https://dovestones.com",
"https://www.rentalimo.com/",
"https://www.pbs.org/",
"https://www.umwa.org/",
"https://www.ufw.org/",
"https://en.wikipedia.org/wiki/North_America",
"https://calgarymoverspro.ca",
"https://radianceplasticsurgery.ca",
"https://sierradental.ca/",
"https://education.alberta.ca/",
"https://www.museums.ab.ca/",
"https://www.ombudsman.ab.ca/",
"https://www.calgarypromovers.com",
"https://hrsynthetics.ca/",
"http://www.assembly.ab.ca/",
"https://birchdentalgroup.com",
"https://kerrisdaledental.com/",
"https://kitspointdental.com/",
"https://www.floristvancouver.com",
"https://www.abmfoodequipment.com/",
"https://bccancerfoundation.com/",
"https://www.bcregistryservices.gov.bc.ca/",
"https://www.hellobc.com/",
"https://www.ubc.ca/",
"https://www.hellobc.com/",
"http://valleyhelicopters.ca/",
"https://www.worksafebc.com/",
"https://www.manitobamusic.com/",
"https://world.einnews.com/news/manitoba",
"https://www.gov.mb.ca/",
"https://www.mbteach.org/",
"https://www.wcb.mb.ca/",
"https://www.aanb.org/",
"https://www.nbanh.com/",
"https://www.nbaot.org/",
"https://www.highlandgames.ca/",
"https://world.einnews.com/news/new-brunswick",
"https://www.justice.gov/",
"https://www.gov.nl.ca/",
"https://www.gov.nl.ca/ecc/",
"https://www.atins.org/",
"https://www.dancens.ca/",
"https://www.engineersnovascotia.ca/",
"https://www.nscc.ca/",
"https://www.library.ns.ca/",
"https://www.nstalenttrust.ns.ca/",
"http://www.visualarts.ns.ca/",
"https://dentistryonlakeshore.com/",
"https://nativecasinos.ca/",
"https://myperch.io/bank-of-canada-interest-rate-schedule/",
"https://www.altimadental.com/locations/brampton/",
"https://www.altimadental.com/locations/brockville/",
"https://www.altimadental.com/locations/cambridge/",
"https://www.altimadental.com/locations/mississauga/",
"https://www.altimadental.com/locations/hamilton/",
"https://www.altimadental.com/locations/north-york/",
"https://www.altimadental.com/locations/kingston/",
"https://www.altimadental.com/locations/thornhill/",
"https://www.centennialcollege.ca/",
"https://www.ontariosciencecentre.ca/",
"https://ottawaextremeclean.com",
"http://www.pinevalleypackaging.com/",
"https://www.smilebydesigndental.ca/",
"http://www.vividcleaning.ca",
"http://www.wawataynews.ca/",
"https://www.peirmta.ca/",
"https://peiwritersguild.wordpress.com/",
"http://www.aaesq.ca/",
"https://carnaval.qc.ca/en/",
"https://montrealpcsupport.com/",
"https://www.quebecdrama.org/",
"https://www.segalcentre.org/",
"http://www.centreforliteracy.qc.ca/",
"https://www.healthcareersinsask.ca/",
"http://www.saskhuntered.ca/",
"https://www.saskimmigrationcanada.ca/",
"https://www.usask.ca/",
"http://www.casv.ca/",
"https://www.theactmapleridge.org/",
"http://www.elementiws.com/",
"http://www.vansmith.com/",
"https://www.ctf-fce.ca/",
"https://dovestones.com",
"http://www.neads.ca/",
"https://www.pch.gc.ca/pgm/ceem-cced/fr-rf/visit-eng.cfm",
"https://www.grouphealth.ca/",
"http://www.hemophilia.ca/",
"https://www.carms.ca/",
"http://www.canceradvocacy.ca/",
"https://www.cbi.ca/",
"https://www.elmhilldentistry.ca",
"https://image.ca/",
"https://iris.ca/",
"https://santeactive.ca/",
"https://gotechappliancerepairs.ca/",
"https://www.saunaspa.ca",
"https://www.bouclair.com/",
"http://www.canadanationalsecurity.com/",
"http://www.carpet-cleaning-service.ca/",
"https://www.cayneshousewares.com/",
"http://www.endoftheroll.com/",
"http://www.teahousecondo.ca",
"https://www.aqualux.ca/",
"http://www.breakthroughentertainment.com/",
"http://www.channelcanada.com/",
"https://www.radio-locator.com/cgi-bin/page?page=provs",
"https://this.org/",
"https://www.adlawappraisals.com/",
"https://myperch.io/canada-interest-rate-forecast",
"https://www.perchcapital.ca",
"https://myperch.io/tools/canada-capital-gains-tax-calculator/",
"https://www.crea.ca/",
"https://commercia.ca/en/",
"https://www.homezilla.ca/",
"https://www.propertysold.ca/",
"https://www.remax.ca/",
"https://www.royallepage.ca/",
"http://www.therealestaterenegades.com/",
"http://www.luskvilledragway.com/",
"https://canadianjewellers.com/",
"https://www.consumerinformation.ca/",
"http://www.hairbeautycanada.com/",
"https://www.michaelhill.ca/",
"http://www.prooutdoorgear.ca/",
"https://www.advantagecarrentals.com/",
"https://www.copanational.org/",
"https://www.lhf.com/",
"http://www.tsb-bst.gc.ca/",
"https://www.escapes.ca/",
"http://www.thelon.com/",
"http://www.tourcanada.com/tours.htm",
"https://www.vacationsincanada.com/",
"https://www.vgplasticsurgery.com",
"https://marriagequest.org/",
"https://www.irvinebankruptcylaw.com/",
"https://www.philadelphiacommercialappraisers.com",
"https://www.dhcoit.co.uk/",
"https://www.drain247.co.uk/",
"https://www.mickelsendalton.com/",
"https://democrawonk.com",
"https://www.odysseynewmedia.com/",
"https://www.visionsbyconcrete.com/",
"https://www.masterpiecepavers.com/",
"https://www.pbgrentacar.gr/",
"https://midwestsupplyus.com/",
"https://controlpestmanagement.com.au/locations/brisbane-pest-control/",
"https://www.newarkcommercialappraisers.com",
"https://www.jeffersoncommercialappraisers.com",
"https://www.drryanstanton.com/",
"https://www.bryanarmijomd.com/",
"https://www.tucsoncommercialappraisers.com",
"https://www.elpasocommercialappraisals.com",
"https://www.apnic.net/",
"https://en.wikipedia.org/wiki/Asia",
"https://en.wikipedia.org/wiki/Europe",
"https://www.nationalgeographic.com/",
"https://library.novascotia.ca/",
"http://www.alpa.org/",
"https://www.arlisna.org/",
"https://www.arlisna.org/",
"https://www.butterfliesandmoths.org/",
"https://www.cpwr.com/",
"https://dovestones.com",
"https://www.rentalimo.com/",
"https://www.pbs.org/",
"https://www.umwa.org/",
"https://www.ufw.org/",
"https://en.wikipedia.org/wiki/North_America",
"http://www.alabamagifted.org/",
"https://www.alabamapress.org/",
"http://www.alsportscapital.com/",
"http://www.magiccityart.com/",
"http://www.theroselawfirmllc.com",
"https://www.ua.edu/",
"https://en.wikipedia.org/wiki/Alabama",
"https://www.autoinsuresavings.org/alaska-cheapest-car-insurance/",
"http://aasg.org/",
"https://akvoice.org/",
"http://alaskadesignforum.org/",
"https://www.alsc-law.org/",
"http://arcticman.com/",
"https://www.alaska.gov/",
"https://www.travelalaska.com/",
"https://en.wikipedia.org/wiki/Alaska",
"https://firstresponsehvacaz.com/",
"https://www.azhurtonthejob.com/",
"https://www.asu.edu/",
"https://www.sch.org/",
"https://www.phoenixautoglasstinting.com/",
"https://pressurepowerpros.com/",
"https://arrowheadlodgerecovery.com/",
"https://en.wikipedia.org/wiki/Arizona",
"http://www.ahsaa.org/",
"http://www.arkansasarts.org/",
"https://www.arkforests.org/",
"https://www.agfc.com/",
"http://www.arjazz.org/",
"https://www.arkansas.com/",
"http://www.fairoaksmfg.com/",
"http://www.historicarkansas.org/",
"http://www.keeparkansasbeautiful.com/",
"https://en.wikipedia.org/wiki/Arkansas",
"https://www.wildwildernessdrivethroughsafari.com/",
"https://arthurglosmandds.com/",
"https://www.infinitypropertyservices.com/",
"https://www.odomlawgroup.com/",
"https://www.salinbakersfielddentist.com/",
"https://seamlessrainguttersinc.com/",
"https://doremidoor.com",
"https://www.drmaddahi.com/",
"https://anjtowing.com/",
"https://www.mlocksmith-sacramento.com/",
"https://towlongbeach.com/",
"https://handotowing.com/",
"https://towcarlsbad.com/",
"https://www.losangeles-ads.com/",
"https://palmwaytowing.com/",
"https://perlmanclinic.com/",
"http://www.wehatejail.com",
"http://www.solarponics.com",
"https://super-towing.com/",
"https://www.albertchowdds.com/",
"https://newwaytowing.com/",
"https://www.universityofcalifornia.edu/",
"https://en.wikipedia.org/wiki/California",
"https://brightonroofingcontractors.com/",
"https://www.radonmitigationfortcollins.com",
"https://www.casb.org/",
"https://coloradomusic.org/",
"https://www.pilatesinthepines.com/",
"https://www.injurylawcolorado.com/",
"https://www.denverpost.com/",
"https://www.colorado.edu/",
"https://en.wikipedia.org/wiki/Colorado",
"https://www.ctccc.net/",
"https://postroadstages.com/",
"https://www.webservicesct.com/",
"https://en.wikipedia.org/wiki/Connecticut",
"https://www.yale.edu/",
"http://www.dcjustice.org/",
"http://www.drba.net/",
"https://www.visitdelaware.com/",
"https://delaware.gov/",
"https://www.faithfulfriends.us/",
"https://www.hollylakecampsites.com/",
"http://hughesdesigninc.com/",
"https://en.wikipedia.org/wiki/Delaware",
"https://www.allaboutwomenmd.com/",
"https://www.jacksonvilleconcretepavers.com/",
"https://lewisvilleroofingcompanytx.com/",
"https://ocalaroofingcontractor.com/",
"https://lawgina.com",
"https://www.beneva.com/",
"https://www.altamontedentist.com/",
"https://www.ffea.com/",
"https://www.hfuw.org/",
"http://www.mobilemiamilocksmith.com/",
"https://www.verobeachartclub.org/",
"https://en.wikipedia.org/wiki/Florida",
"https://www.autoinsuresavings.org/georgia-cheapest-car-insurance/",
"https://www.cviog.uga.edu/",
"https://chepesmexicangrill.com/",
"https://www.georgiaaquarium.org/",
"http://www.gafsc.org/",
"http://www.leeinsurancesales.com",
"http://magnoliaestates.com/",
"http://www.georgiaencyclopedia.org/",
"http://www.tigerwine.com/",
"https://en.wikipedia.org/wiki/Georgia_(U.S._state)",
"https://www.autoinsuresavings.org/hawaii-cheapest-car-insurance/",
"https://www.reynspooner.com/",
"https://www.sandaltree.com/",
"https://www.surfnewsnetwork.com/",
"https://www.hawaii.edu/",
"https://en.wikipedia.org/wiki/Hawaii",
"https://www.autoinsuresavings.org/idaho-cheapest-car-insurance/",
"https://www.mlmlaw.com/index.html",
"https://www.idsba.org/",
"https://en.wikipedia.org/wiki/Idaho",
"https://napervilleclassictowing.com/",
"https://www.plumberskokie.com/",
"https://www.wholesome360.com",
"http://www.greatriverroad-illinois.org/",
"https://www.northwestern.edu/",
"http://www.vppackaging.com/",
"https://en.wikipedia.org/wiki/Illinois",
"https://www.windycityfieldhockey.com/",
"https://indyaerialdronephotography.com",
"https://www.lilly.com/Pages/home.aspx",
"https://www.madbrew.com/",
"https://www.purdue.edu/",
"https://www.richmondartmuseum.org/",
"https://www.iyi.org/",
"https://www.wittemuseum.org/",
"https://en.wikipedia.org/wiki/Indiana",
"https://www.autoinsuresavings.org/iowa-cheapest-car-insurance/",
"https://www.emcins.com/",
"https://iowaarboretum.org/",
"https://www.iowastatefair.org/",
"http://www.lavidalocawinery.com/",
"https://www.lhf.org/",
"https://www.skunkriverpaddlers.org/",
"https://www.iowan.com/",
"https://www.traveliowa.com/",
"https://en.wikipedia.org/wiki/Iowa",
"https://overlandparkroofingcontractors.com/",
"https://americanjazzmuseum.org/",
"http://www.cclibraryks.org/",
"http://www.cbak.com/",
"http://www.kansasacademyscience.org/",
"http://kspress.com/",
"http://www.moorelonghornranch.com/",
"https://www.kansas.gov/",
"https://www.travelks.com/",
"https://tiak.org/",
"http://www.unitedwaygkc.org/",
"https://en.wikipedia.org/wiki/Kansas",
"https://www.autoinsuresavings.org/kentucky-cheapest-car-insurance/",
"http://www.cattlemansroadhouse.com/",
"https://centriccleaning.com/",
"https://www.derbymuseum.org/",
"https://www.kentuckytourism.com/",
"http://pageonekentucky.com/",
"https://en.wikipedia.org/wiki/Kentucky",
"https://neworleanstreeremovalservice.com/",
"https://www.lafayetteanimalaid.org/",
"https://www.louisianawholesalers.org/",
"https://www.crt.state.la.us/",
"https://www.martinwine.com/",
"https://www.lcpa.org/",
"https://en.wikipedia.org/wiki/Louisiana",
"https://www.buildgreenmaine.org/",
"https://limoservicesinmaine.com",
"https://mainearts.maine.gov/",
"https://www.ogunquitmuseum.org/",
"https://www.visitportland.com/",
"https://en.wikipedia.org/wiki/Maine",
"https://www.autoinsuresavings.org/maryland-cheapest-car-insurance/",
"https://www.dnr.state.md.us/",
"https://www.northendgallery.org/",
"https://ococean.com/",
"http://www.royal-pedigree.com/",
"https://visitmaryland.org/Pages/MarylandHome.aspx",
"https://en.wikipedia.org/wiki/Maryland",
"https://www.massvacation.com/",
"https://en.wikipedia.org/wiki/Massachusetts",
"https://www.childrensdmc.org/",
"https://www.mackinacisland.org/",
"https://www.michamber.com/",
"https://milawyersweekly.com/",
"http://www.outback-lodge.com/",
"https://www.michigan.org/",
"https://www.michigan.gov/",
"https://www.umich.edu/",
"https://en.wikipedia.org/wiki/Michigan",
"https://bunkerparkstable.com/",
"https://www.macalester.edu/mafel/",
"https://www.dnr.state.mn.us/index.html",
"https://mn.gov/portal/",
"https://www.photoactivemn.com",
"https://en.wikipedia.org/wiki/Minnesota",
"https://www.msagc.com/",
"http://www.msarl.org/",
"https://en.wikipedia.org/wiki/Mississippi",
"https://explorestlouis.com/",
"https://www.missouriartscouncil.org/",
"https://www.moacac.org/",
"https://www.visitmo.com/",
"http://missourimansion.org/",
"http://www.riverfrontsociety.com/",
"https://www.visitmo.com/",
"https://en.wikipedia.org/wiki/Missouri",
"https://www.autoinsuresavings.org/montana-cheapest-car-insurance/",
"http://www.montana-artists.com/",
"https://www.autoinsuresavings.org/nebraska-cheapest-car-insurance/",
"https://www.necounseling.org/",
"https://www.dmv.org/",
"https://www.nebraskamed.com/",
"https://www.unl.edu/",
"https://www.acrepairslasvegas.com/",
"https://www.blm.gov/nv/st/en.html",
"http://www.nevadacharters.org/",
"http://www.lakelasvegasnv.org",
"https://www.nvadministrator.org/",
"http://nvsos.gov/",
"http://nv.gov/",
"https://www.unr.edu/",
"https://www.remedy-nh.com/",
"https://www.nhab.org/",
"https://www.nhha.org/",
"https://staffhunters.net/",
"https://www.autoinsuresavings.org/new-jersey-cheapest-car-insurance/",
"https://nj.gov/state/njsca/index.html",
"https://cytrynlaw.com/",
"http://www.bradleyfhmarlton.com",
"https://newarkcares.com/",
"https://www.princeton.edu/",
"https://www.autoinsuresavings.org/new-mexico-cheapest-car-insurance/",
"https://www.express-storage.com/",
"https://www.newmexico.org/",
"https://www.santafenm.gov/",
"https://www.bkblaw.net/",
"https://www.autoinsuresavings.org/new-york-cheapest-car-insurance/",
"https://www.iloveny.com/",
"http://www.NewYorkToursNYC.com",
"https://timothyhillacademy.com/",
"https://www.joepayneweddingphotography.com",
"http://www.attorneystitle.com/",
"http://www.carolinawork.com",
"http://www.dennisvineyards.com/",
"https://www.devact.com/",
"https://www.duke.edu/",
"https://www.cs.duke.edu/",
"https://gbenergy.com/",
"https://www.goldenleaf.org/",
"https://www.ies.ncsu.edu/",
"https://www.krispykreme.com/",
"https://ncpmi.org/",
"https://www.nccattle.com/",
"http://www.partnershealth.com/",
"https://www.biltmore.com/",
"https://www.ndchamber.com/",
"https://www.ndsu.edu/",
"https://www.northfieldfireplace.com/",
"https://ohioabogado.com/",
"https://stpaulstampedconcretedesign.com/",
"https://starsoundstudios.com",
"https://www.swatchmepaint.com/",
"https://tamerconstruction.com/",
"https://toledofoundationrepairspecialists.com/",
"https://my.clevelandclinic.org/",
"https://www.ohioschoolboards.org/",
"https://www.osu.edu/",
"https://eahpet.com",
"http://iaogallery.org/wordpress/",
"https://southernhillsvet.com/",
"https://www.edentalnw.com/",
"https://naturalsmiles.com/",
"https://www.madeinoregon.com/",
"https://satchelpdx.com",
"https://wcroofingportland.com",
"http://www.pacu.org/",
"https://www.pab.org/",
"http://ppcpinc.com",
"https://www.preit.com/",
"https://www.psea.org/",
"https://www.environmentcouncilri.org/",
"https://www.ri.gov/",
"http://www.rimonthly.com/",
"http://www.ribroadcasters.com/",
"http://www.rirs.org/",
"http://www.soccer-ri.com/",
"https://www.visitrhodeisland.com/",
"https://www.autoinsuresavings.org/south-carolina-cheapest-car-insurance/",
"http://www.carolinaarts.com/",
"https://www.go-southcarolina.com/",
"http://www.masc.sc/Pages/Default.aspx",
"https://www.scprt.com/",
"http://www.scpeachfestival.org/",
"https://www.autoinsuresavings.org/south-dakota-cheapest-car-insurance/",
"http://news.sd.gov/",
"https://www.usd.edu/",
"https://www.1-find.com",
"https://www.autoinsuresavings.org/tennessee-cheapest-car-insurance/",
"https://www.knoxnews.com/",
"https://roofingbymidsouth.com/",
"https://tabtn.org/",
"http://www.tnpress.com/",
"https://www.tnvacation.com/",
"https://www.vanderbilt.edu/",
"https://www.whirlpool.com/",
"https://www.yarddogfence.com/",
"http://www.centraltexascremation.com",
"https://sanmarcosbailbonds.net/",
"https://www.kiddroof.com/",
"https://www.taea.org/TAEA/default.asp",
"https://www.tamu.edu/",
"https://www.tgtp.org/",
"https://sharpcriminalattorney.com/",
"http://www.tlwpi.com",
"https://www.unicornmoving.com/",
"https://www.autoinsuresavings.org/utah-cheapest-car-insurance/",
"https://www.ecocarpetutah.com/",
"https://www.ecocarpetutah.com/",
"https://stillwateracademy.org",
"https://www.uaesp.org/",
"https://www.visitutah.com/",
"https://www.utah.gov/index.html",
"https://www.autoinsuresavings.org/vermont-cheapest-car-insurance/",
"http://www.fgbtheaters.com/",
"https://www.vermont.gov/",
"https://www.uvm.edu/",
"http://www.vermontcrafts.com/",
"https://www.vermontjudiciary.org/default.aspx",
"https://vermont.gov/portal/",
"https://www.autoinsuresavings.org/virginia-cheapest-car-insurance/",
"https://www.eastcoastpw.com/",
"http://www.portofvirginia.com/",
"https://www.virginia.edu",
"https://www.joelane.com/",
"https://www.ltcop.org/",
"https://www.misswashington.org/",
"http://www.teambesharat.com/",
"https://www.allegrodancecompany.net/home",
"https://wvde.us/",
"https://www.wv.gov/",
"https://www.wv.gov/",
"https://www.wvaco.org/",
"https://www.autoinsuresavings.org/wisconsin-cheapest-car-insurance/",
"https://www.wiswriters.org/",
"https://www.packers.com/",
"https://www.summerfest.com/",
"https://www.wisconsinhistory.org/",
"https://www.wnanews.com/",
"https://davisandcannon.com/wyoming-criminal-defense-lawyer/",
"http://www.theantlershack.com/",
"http://www.whrn.org/",
"https://www.wybeef.com/",
"https://edu.wyoming.gov/",
"https://www.wyhc.org/",
"https://www.artinstitutes.edu/",
"https://www.easternonion.com/",
"http://www.youngarts.org/",
"https://www.si.edu/",
"http://www.sunshineartist.com/",
"https://www.wallofamerica.org/",
"https://transforming.com",
"https://www.uslistings.org/",
"https://www.air.org/",
"https://www.chamberofcommerce.com/",
"https://www.ctc.com/",
"http://www.corptransform.com/",
"https://www.mower.com/",
"http://www.jonesstudioltd.com/",
"https://www.processregister.com/",
"https://diamondranchacademy.com/",
"https://teenchallenge.cc/",
"https://www.arnimaui.com/jasmine/",
"https://exchanges.state.gov/",
"https://www.educationlaw.org/",
"https://nces.ed.gov/",
"https://nces.ed.gov/",
"https://www.teachforamerica.org/",
"https://www.visiontechcamps.com/locations/sf-bay-area/alameda-county/berkeley-computer-camps/",
"https://nces.ed.gov/",
"https://www.visiontechcamps.com/",
"https://www.c-spanvideo.org/",
"https://www.consumerfinance.gov/",
"https://www.data.gov/",
"https://www.icleiusa.org/",
"http://www.unitedstates.org/",
"https://www.usa.gov/",
"https://amerihomehealthcare.com",
"https://www.whittierhealth.com/",
"https://www.atipt.com/",
"https://www.healthcare.gov/",
"https://www.drlaurencerifkin.com/",
"http://www.mbsinsure.com",
"http://www.odsyhealth.com/",
"https://www.oghimaging.com/",
"https://www.regencyhospital.com/",
"https://schoolsfortroubledteens.org/",
"https://dteklivebeeremoval.com",
"https://thebestleafblowers.com/",
"https://www.allstarelectrical.com/",
"http://www.chemcleanofutah.com",
"https://www.dansfancity.com/",
"https://expertroofingwestchester.com/",
"https://www.landmarkroof.com/",
"https://www.nycbed.com/",
"https://www.piperelectric.com/",
"https://ryanlawn.com/",
"https://axcessnews.com/",
"http://www.bbcamerica.com/",
"https://www.cbsnews.com/",
"https://www.reuters.com/",
"http://watchingamerica.com/",
"https://azdigest.com",
"https://www.camdenliving.com/",
"https://www.camdenliving.com/",
"https://www.homes.com/",
"https://www.homeownersassociationmanagementla.com/",
"http://www.mostreferred.com/",
"http://www.homesbystevied.com",
"http://www.alpinezone.com/",
"http://www.bobfoote.com/",
"http://www.farpostsoccerclub.com/",
"https://www.halfmarathonclub.com/",
"https://www.rrca.org/",
"https://www.windycitystriders.com/",
"https://www.dlightonline.com/",
"https://www.kumandgo.com/",
"https://www.michaelhill.com/",
"https://www.dmv.org/",
"http://www.estes-express.com/",
"https://www.explorekentuckylake.com/",
"https://LookIntoHawaii.com",
"https://www.soulofamerica.com/",
"http://www.weekendevents.com/",
"https://www.usa.gov/",
"https://www.usembassy.gov/",
"https://en.wikipedia.org/wiki/United_States",
"https://www.usa.gov/",
"https://www.usembassy.gov/",
"https://en.wikipedia.org/wiki/United_States",
"https://www.usa.gov/",
"https://www.usembassy.gov/",
"https://en.wikipedia.org/wiki/United_States",
"https://www.usa.gov/",
"https://www.usembassy.gov/",
"https://en.wikipedia.org/wiki/United_States",
"https://www.vgplasticsurgery.com",
"https://marriagequest.org/",
"https://www.irvinebankruptcylaw.com/",
"https://www.philadelphiacommercialappraisers.com",
"https://www.dhcoit.co.uk/",
"https://www.drain247.co.uk/",
"https://www.mickelsendalton.com/",
"https://democrawonk.com",
"https://www.odysseynewmedia.com/",
"https://www.visionsbyconcrete.com/",
"https://www.masterpiecepavers.com/",
"https://www.pbgrentacar.gr/",
"https://midwestsupplyus.com/",
"https://controlpestmanagement.com.au/locations/brisbane-pest-control/",
"https://www.newarkcommercialappraisers.com",
"https://www.jeffersoncommercialappraisers.com",
"https://www.drryanstanton.com/",
"https://www.bryanarmijomd.com/",
"https://www.tucsoncommercialappraisers.com",
"https://www.elpasocommercialappraisals.com",
"https://www.apnic.net/",
"https://en.wikipedia.org/wiki/Asia",
"https://en.wikipedia.org/wiki/Europe",
"https://www.nationalgeographic.com/",
"https://library.novascotia.ca/",
"https://www.fonnovaluminium.com",
"http://www.beyochem.com/.",
"https://www.rotam.com/rt2/home/index.html",
"https://www.kamadelivery.com",
"https://www.conpak.com/",
"https://www.hkca.com.hk/",
"https://www.investhk.gov.hk/index.html",
"https://www.oceanpark.com.hk/html/en/home/",
"https://www.gov.hk/en/residents/transport/publictransport/",
"https://www.website-solution.net/",
"http://www.art.in/",
"http://www.idc.iitb.ac.in/",
"http://www.indianartandartists.com/",
"https://kathalaya.org/",
"http://www.marg-art.org/",
"https://pearlacademy.com/",
"https://www.taruntahiliani.com/",
"https://india.tradeford.com/",
"https://www.maldives.com/",
"http://www.dakbayan.ph",
"https://testpapers.com.sg",
"https://singaporeairconservices.com",
"https://www.beyond.org.sg/",
"https://www.citynomads.com/",
"https://www.singstat.gov.sg/",
"https://dwaircon.com/",
"https://www.elveslab.com/",
"https://www.fnp.sg",
"https://funeralservicessingapore.org",
"https://www.heartware.org/",
"https://www.lta.gov.sg/content/ltaweb/en.html",
"http://www.nyaa.org/",
"http://www.penguin.com.sg/",
"https://www.gov.sg/",
"https://www.mpa.gov.sg/",
"https://pantip.com/",
"https://www.phuketwheels.com/",
"https://www.volunteerlatinamerica.com/",
"https://www.tourismthailand.org/",
"https://www.tripadvisor.com/",
"https://dubaipools.ae/",
"https://discoverdesertsafari.com",
"https://www.vgplasticsurgery.com",
"https://marriagequest.org/",
"https://www.irvinebankruptcylaw.com/",
"https://www.philadelphiacommercialappraisers.com",
"https://www.dhcoit.co.uk/",
"https://www.drain247.co.uk/",
"https://www.mickelsendalton.com/",
"https://democrawonk.com",
"https://www.odysseynewmedia.com/",
"https://www.visionsbyconcrete.com/",
"https://www.masterpiecepavers.com/",
"https://www.pbgrentacar.gr/",
"https://midwestsupplyus.com/",
"https://controlpestmanagement.com.au/locations/brisbane-pest-control/",
"https://www.newarkcommercialappraisers.com",
"https://www.jeffersoncommercialappraisers.com",
"https://www.drryanstanton.com/",
"https://www.bryanarmijomd.com/",
"https://www.tucsoncommercialappraisers.com",
"https://www.elpasocommercialappraisals.com",
"https://www.apnic.net/",
"https://en.wikipedia.org/wiki/Asia",
"https://en.wikipedia.org/wiki/Europe",
"https://www.nationalgeographic.com/",
"https://library.novascotia.ca/",
"https://www.belgium.be/en",
"https://www.diplobel.us/",
"https://www.kuleuven.be/english",
"https://www.visitbelgium.com/",
"https://www.vlada.cz/",
"https://www.nkp.cz/",
"https://www.hrad.cz/",
"https://www.radio.cz/",
"https://www.bis.cz/",
"https://www.axialis.com/",
"https://www.evolis.com/",
"https://www.infovista.com/",
"https://www.fertilizer.org/",
"https://www.letour.fr/us/",
"https://www.whatsupgold.com/",
"https://petersen-einrichtungen.de/",
"https://www.bild.de/",
"https://www.coherent.de/",
"https://www.bildungsserver.de/start.html",
"https://www.hairforlife.info/de",
"https://www.gls-german-courses.de/",
"https://socialtrading.info/",
"https://www.bundesregierung.de/Webs/Breg/EN/Homepage/_node.html",
"https://www.shiply.com/de/umzug/",
"https://www.winmagic.com/",
"https://www.pbgrentacar.gr/",
"https://www.greeka.com/",
"https://www.klik.gr/",
"https://www.budapest.com/",
"https://www.budapestsun.com/",
"https://www.centralbank.ie/",
"https://www.easonschoolbooks.com/",
"https://www.independent.ie/",
"https://nonaams.com",
"http://www.smaf-legal.com",
"https://www.lifeinitaly.com/culture",
"https://en.wikipedia.org/wiki/Healthcare_in_Italy",
"http://www.eventplanningamsterdam.com",
"https://www.government.nl/",
"https://www.studyinholland.nl/",
"https://www.xn--billigeforbruksln-orb.no",
"https://xn--forbruksln-listen-hrb.no/",
"https://www.xn--forbruksln-95a.no",
"https://kryptolisten.no/",
"https://www.matkasse.guide/",
"https://xn--byttstrmmen-mgb.no/",
"https://www.energyrent.no/",
"https://www.isstavanger.no/",
"https://www.kredittkortinfo.no/",
"https://www.refinansiere.net/",
"https://www.sos-barnebyer.no/",
