"http://aaanz.info/",
"https://www.iesanz.org/",
"http://www.janeresture.com/",
"https://www.oceaniacruises.com/",
"https://www.oceaniafootball.com/ofc/",
"http://www.oceaniaweightlifting.com/",
"https://www.oceaniafootball.com/ofc/",
"https://www.pica-org.org/",
"http://www.pacificislands.com/",
"https://pidp.eastwestcenter.org/pireport/",
"http://www.oceania.org.au/",
"https://en.wikipedia.org/wiki/Oceania",
"https://customcomet.com",
"https://www.kevani.com/",
"https://www.mallads.com/",
"http://www.3rdstreet.com/",
"https://www.bagwarehouse.com/",
"https://www.companyfolders.com/",
"https://www.exhibe.com/",
"http://www.ivisionmobile.com",
"https://www.marketingscapes.com/",
"https://www.multicolorlabels.com/",
"https://www.portent.com/",
"https://www.northfieldfireplace.com/",
"https://ohioabogado.com/",
"https://stpaulstampedconcretedesign.com/",
"https://starsoundstudios.com",
"https://www.swatchmepaint.com/",
"https://tamerconstruction.com/",
"https://toledofoundationrepairspecialists.com/",
"https://my.clevelandclinic.org/",
"https://www.ohioschoolboards.org/",
"https://www.osu.edu/",
"https://eahpet.com",
"http://iaogallery.org/wordpress/",
"https://southernhillsvet.com/",
"https://fountainforward.com/",
"https://leadsbydesignllc.com",
"https://www.ukmarketingmanagement.com",
"https://www.usmarketingmanagement.com",
"http://adage.com",
"https://blackpropeller.com",
"https://www.digitalbusinesslessons.com/",
"https://www.emarketer.com/",
"http://www.imediaconnection.com/",
"http://www.karimium.com",
"https://www.marketingprofs.com/",
"https://www.marketingsherpa.com/",
"https://nauticalagency.com/",
"https://www.socialmediatoday.com/",
"http://www.sonicpromos.com/",
"http://www.spark.ca/",
"https://www.authorize.net/",
"https://www.paypal.com/",
"https://www.wepay.com/",
"https://www.avast.com/index",
"https://www.kaspersky.com/",
"https://labinator.com/",
"https://www.mcafee.com/",
"https://us.norton.com/",
"https://www.verasafe.com/",
"https://archmemory.com/",
"http://www.ascendtech.us/",
"http://www.azerty.com/Website/index.jsp",
"https://www.cdw.com/",
"https://www.miniinthebox.com/",
"https://pricespy.co.nz/",
"https://missingbite.com/",
"https://www.thehut.com/catalogue/gifts/genre/gadgets.list",
"https://www.thinkgeek.com/",
"https://www.thinkgeek.com/",
"https://dentistryonlakeshore.com/",
"https://nativecasinos.ca/",
"https://myperch.io/bank-of-canada-interest-rate-schedule/",
"https://www.altimadental.com/locations/brampton/",
"https://www.altimadental.com/locations/brockville/",
"https://www.altimadental.com/locations/cambridge/",
"https://www.altimadental.com/locations/mississauga/",
"https://www.altimadental.com/locations/hamilton/",
"https://www.altimadental.com/locations/north-york/",
"https://www.altimadental.com/locations/kingston/",
"https://www.altimadental.com/locations/thornhill/",
"https://www.centennialcollege.ca/",
"https://www.ontariosciencecentre.ca/",
"https://ottawaextremeclean.com",
"http://www.pinevalleypackaging.com/",
"https://www.smilebydesigndental.ca/",
"http://www.vividcleaning.ca",
"http://www.wawataynews.ca/",
"https://www.android.com",
"http://www.beunited.org/",
"https://www.centos.org/",
"https://databear.com",
"https://www.directionsonmicrosoft.com/",
"http://www.dosbox.com/",
"https://fedoraproject.org/",
"https://www.opus.co.tt/dave/",
"https://www.apple.com/",
"http://www-spin.cs.washington.edu/",
"https://www.windowsfs.com/",
"http://www.allrez.com/",
"https://www.barenecessities.com/",
"https://www.edentalnw.com/",
"https://naturalsmiles.com/",
"https://www.madeinoregon.com/",
"https://satchelpdx.com",
"https://wcroofingportland.com",
"https://allthebitter.com",
"http://www.artingeneral.org/",
"https://www.artinnature.org/",
"https://www.conejoarts.org/",
"https://www.bouldercountyarts.org/",
"https://www.dfac.org/",
"https://www.intermediaarts.org/",
"https://theintersection.org/",
"https://www.kiarts.org/",
"https://www.soex.org/",
"https://www.noaps.org/",
"http://www.flashmint.com/show-type-ecom.html",
"https://www.templatemonster.com/",
"https://www.thewolfman.co.uk/",
"https://www.scoutsact.com.au/",
"https://www.bikehike.com/",
"https://www.campchef.com/",
"https://www.raftecho.com/",
"https://www.nols.edu/",
"https://www.outdoorsbay.com/",
"https://www.outdoorsinc.com/",
"https://www.outsideonline.com/",
"https://www.pedatarvcenter.com/",
"https://rcsoptics.com",
"http://www.runresearchjunkie.com/",
"https://targettamers.com",
"http://www.umbrellamaster.com",
"https://uniqueascent.ie/",
"http://www.zombiesplague.com",
"https://www.billingpros.com/",
"https://www.vgplasticsurgery.com",
"https://marriagequest.org/",
"https://www.irvinebankruptcylaw.com/",
"https://www.philadelphiacommercialappraisers.com",
"https://www.dhcoit.co.uk/",
"https://www.drain247.co.uk/",
"https://www.mickelsendalton.com/",
"https://democrawonk.com",
"https://www.odysseynewmedia.com/",
"https://www.visionsbyconcrete.com/",
"https://www.masterpiecepavers.com/",
"https://www.pbgrentacar.gr/",
"https://midwestsupplyus.com/",
"https://controlpestmanagement.com.au/locations/brisbane-pest-control/",
"https://www.newarkcommercialappraisers.com",
"https://www.jeffersoncommercialappraisers.com",
"https://www.drryanstanton.com/",
"https://www.bryanarmijomd.com/",
"https://www.tucsoncommercialappraisers.com",
"https://www.elpasocommercialappraisals.com",
"https://www.apnic.net/",
"https://en.wikipedia.org/wiki/Asia",
"https://en.wikipedia.org/wiki/Europe",
"https://www.nationalgeographic.com/",
"https://library.novascotia.ca/",
"https://www.emergico.com.au/",
"https://bags247.com.au/",
"https://www.adayonthegreen.com.au/",
"https://www.artslaw.com.au/",
"https://acp.org.au/",
"https://www.acma.gov.au/",
"https://www.australia.gov.au/",
"https://www.corporatemediaservices.com.au/",
"https://www.energypower.com.au/",
"https://www.exhaust-fan-repairs.com.au",
"https://www.ibsa.org.au/",
"http://www.portolesi.com.au/",
"https://asianinspirations.com.au",
"https://en.wikipedia.org/wiki/Australia",
"http://fta.org.fj/",
"http://fijilive.com/",
"http://fijivillage.com/",
"http://www.health.gov.fj/",
"http://www.fsmgov.org/",
"https://casinodeps.co.nz/safe-casinos/",
"https://stellarjobs.co.nz",
"http://www.fao.org/countryprofiles/index/en/?lang=en&amp;iso3=PLW",
"https://www.picrc.org/",
"http://www.anz.com/samoa/en/personal/",
"https://www.cbs.gov.ws/",
"http://www.cccs.org.ws/",
"https://www.mesc.gov.ws/",
"https://www.mof.gov.ws/",
"http://www.pina.com.fj/",
"https://www.psc.gov.ws/",
"http://www.same.org.ws/",
"http://www.topix.com/world/oceania",
"http://www.commerce.gov.sb/",
"https://www.adb.org/countries/solomon-islands/main",
"https://en.wikipedia.org/wiki/Solomon_Islands",
"http://www.govanuatu.com/",
"http://www.honeymoonvanuatu.com/",
"https://www.vgplasticsurgery.com",
"https://marriagequest.org/",
"https://www.irvinebankruptcylaw.com/",
"https://www.philadelphiacommercialappraisers.com",
"https://www.dhcoit.co.uk/",
"https://www.drain247.co.uk/",
"https://www.mickelsendalton.com/",
"https://democrawonk.com",
"https://www.odysseynewmedia.com/",
"https://www.visionsbyconcrete.com/",
"https://www.masterpiecepavers.com/",
"https://www.pbgrentacar.gr/",
"https://midwestsupplyus.com/",
"https://controlpestmanagement.com.au/locations/brisbane-pest-control/",
"https://www.newarkcommercialappraisers.com",
"https://www.jeffersoncommercialappraisers.com",
"https://www.drryanstanton.com/",
"https://www.bryanarmijomd.com/",
"https://www.tucsoncommercialappraisers.com",
"https://www.elpasocommercialappraisals.com",
"http://www.africaphotos.com/",
"https://www.jhbremovals.co.za/",
"http://www.mamahappyness.com",
"https://www.pbs.org/",
"https://www.skillsacademy.co.za/",
"http://www.swikiri.com/",
"https://www.treefelling.co.il",
"https://www.compeer.my/",
"https://www.hrw.org/asia",
"https://asiasociety.org/",
"https://www.apec.org/",
"http://www.bulletinasiainstitute.org/",
"https://asiafoundation.org/",
"https://en.wikipedia.org/wiki/Asia",
"https://www.bankweb.com/",
"https://www.ccr-zkr.org/",
"https://www.eu-japan.eu/",
"https://www.eurodns.com/",
"https://www.nyttigbras.dk/",
"https://www.britishempire.co.uk/",
"https://www.trackerintelligence.com/",
"https://www.unece.org/",
"https://en.wikipedia.org/wiki/Europe",
"http://www.alpa.org/",
"https://www.arlisna.org/",
"https://www.arlisna.org/",
"https://www.butterfliesandmoths.org/",
"https://www.cpwr.com/",
"https://dovestones.com",
"https://www.rentalimo.com/",
"https://www.pbs.org/",
"https://www.umwa.org/",
"https://www.ufw.org/",
"https://en.wikipedia.org/wiki/North_America",
"http://aaanz.info/",
"https://www.iesanz.org/",
"http://www.janeresture.com/",
"https://www.oceaniacruises.com/",
"https://www.oceaniafootball.com/ofc/",
"http://www.oceaniaweightlifting.com/",
"https://www.oceaniafootball.com/ofc/",
"https://www.pica-org.org/",
"http://www.pacificislands.com/",
"https://pidp.eastwestcenter.org/pireport/",
"http://www.oceania.org.au/",
"https://en.wikipedia.org/wiki/Oceania",
"https://alainet.org/",
"https://www.sas.upenn.edu/~cerickso/applied.html",
"http://www.coha.org/",
"http://www.andes.org/",
"https://www.desinventar.org/",
"http://www.gringos.com/",
"https://www.ustr.gov/countries-regions/americas",
"http://www.orinoco.org/",
"https://www.fodors.com/",
"http://www.travel-amazing-southamerica.com/",
"https://www.volunteerlatinamerica.com/",
"http://www.volunteersouthamerica.net/",
"https://www.vgplasticsurgery.com",
"https://marriagequest.org/",
"https://www.irvinebankruptcylaw.com/",
"https://www.philadelphiacommercialappraisers.com",
"https://www.dhcoit.co.uk/",
"https://www.drain247.co.uk/",
"https://www.mickelsendalton.com/",
"https://democrawonk.com",
"https://www.odysseynewmedia.com/",
"https://www.visionsbyconcrete.com/",
"https://www.masterpiecepavers.com/",
"https://www.pbgrentacar.gr/",
"https://midwestsupplyus.com/",
"https://controlpestmanagement.com.au/locations/brisbane-pest-control/",
"https://www.newarkcommercialappraisers.com",
"https://www.jeffersoncommercialappraisers.com",
"https://www.drryanstanton.com/",
"https://www.bryanarmijomd.com/",
"https://www.tucsoncommercialappraisers.com",
"https://www.elpasocommercialappraisals.com",
"https://www.apnic.net/",
"https://en.wikipedia.org/wiki/Asia",
"https://en.wikipedia.org/wiki/Europe",
"https://www.nationalgeographic.com/",
"https://library.novascotia.ca/",
"http://aaanz.info/",
"https://www.iesanz.org/",
"http://www.janeresture.com/",
"https://www.oceaniacruises.com/",
"https://www.oceaniafootball.com/ofc/",
"http://www.oceaniaweightlifting.com/",
"https://www.oceaniafootball.com/ofc/",
"https://www.pica-org.org/",
"http://www.pacificislands.com/",
"https://pidp.eastwestcenter.org/pireport/",
"http://www.oceania.org.au/",
"https://en.wikipedia.org/wiki/Oceania",
"https://www.adayonthegreen.com.au/",
"https://www.artslaw.com.au/",
"https://www.awg.com.au/",
"https://www.pupparazzi.com.au/",
"https://www.auslistings.org/",
"https://www.accesseap.com.au/",
"http://www.abr.business.gov.au",
"https://www.burwoodcleaning.com.au/",
"https://www.careerfaqs.com.au/",
"http://www.jumpingcastlesbrisbaneqld.com.au/",
"https://www.corporatemediaservices.com.au/",
"https://www.criminal-lawyers.com.au/",
"http://www.equiprent.com.au",
"https://www.ibsa.org.au/",
"https://www.knightcorp.net.au/",
"https://www.mcknightsair.com.au/",
"https://www.nab.com.au/",
"https://www.rapidloans.com.au/",
"https://www.sydneycriminallawyers.com.au/",
"https://www.timbecon.com.au/",
"https://aap.org.au/",
"https://www.acel.org.au/",
"https://www.peo.gov.au/",
"http://www.servat.unibe.ch/icl/as__indx.html",
"https://www.aph.gov.au/",
"https://www.pm.gov.au/",
"http://www.cemcor.ubc.ca/",
"https://www.hif.com.au/",
"https://www.fixprogram.com/",
"http://www.aquaseeding.com.au/",
"http://www.carpetman.com.au/",
"http://www.concreatemelbourne.com.au",
"https://www.drifta.com.au/",
"https://www.electrolux.com.au/",
"http://www.equatorhomewares.com.au",
"https://www.godfreys.com.au/",
"https://www.megastore.com.au/bonzabronz/",
"https://plainpallets.com.au/",
"http://www.poulter.com.au",
"https://www.powershop.com.au/",
"http://www.servicedapartmentsonline.com.au/",
"http://www.thestonesuperstore.com",
"https://www.trustedcleaner.com.au/",
"https://www.monsterandbear.com.au",
"http://www.abc.net.au/",
"https://www.foxtel.com.au/",
"http://www.magazines.org.au/",
"https://www.news.com.au/",
"http://www.topix.com/world/australia",
"https://www.butterflybabes.com.au",
"http://www.aussiesportsinfo.com/",
"https://www.aisacademy.com/",
"http://australianmastersgames.com",
"https://www.paralympic.org.au/",
"https://www.queenoftickets.com/",
"https://www.aldi.com.au/",
"https://www.boataccessoriesaustralia.com.au/",
"https://www.burchfamilywines.com.au/",
"https://www.gluestore.com.au/",
"https://www.michaelhill.com/",
"https://www.miningtelecoms.com/",
"http://www.chartandmapshop.com.au",
"https://www.alaea.asn.au/",
"https://motormouth.com.au/",
"https://www.australiantraveller.com/",
"https://www.breakloose.com.au/",
"https://www.ecotourism.org.au/",
"https://www.koalastorage.com.au/",
"https://www.smartraveller.gov.au/",
"http://www.portolesi.com.au/",
"https://asianinspirations.com.au",
"https://en.wikipedia.org/wiki/Australia",
"http://www.portolesi.com.au/",
"https://asianinspirations.com.au",
"https://en.wikipedia.org/wiki/Australia",
"http://www.portolesi.com.au/",
"https://asianinspirations.com.au",
"https://en.wikipedia.org/wiki/Australia",
"http://www.portolesi.com.au/",
"https://asianinspirations.com.au",
"https://en.wikipedia.org/wiki/Australia",
"https://www.vgplasticsurgery.com",
"https://marriagequest.org/",
"https://www.irvinebankruptcylaw.com/",
"https://www.philadelphiacommercialappraisers.com",
"https://www.dhcoit.co.uk/",
"https://www.drain247.co.uk/",
"https://www.mickelsendalton.com/",
"https://democrawonk.com",
"https://www.odysseynewmedia.com/",
"https://www.visionsbyconcrete.com/",
"https://www.masterpiecepavers.com/",
"https://www.pbgrentacar.gr/",
"https://midwestsupplyus.com/",
"https://controlpestmanagement.com.au/locations/brisbane-pest-control/",
"https://www.newarkcommercialappraisers.com",
"https://www.jeffersoncommercialappraisers.com",
"https://www.drryanstanton.com/",
"https://www.bryanarmijomd.com/",
"https://www.tucsoncommercialappraisers.com",
"https://www.elpasocommercialappraisals.com",
"https://www.apnic.net/",
"https://en.wikipedia.org/wiki/Asia",
"https://en.wikipedia.org/wiki/Europe",
"https://www.nationalgeographic.com/",
"https://library.novascotia.ca/",
"http://aaanz.info/",
"https://www.iesanz.org/",
"http://www.janeresture.com/",
"https://www.oceaniacruises.com/",
"https://www.oceaniafootball.com/ofc/",
"http://www.oceaniaweightlifting.com/",
"https://www.oceaniafootball.com/ofc/",
"https://www.pica-org.org/",
"http://www.pacificislands.com/",
"https://pidp.eastwestcenter.org/pireport/",
"http://www.oceania.org.au/",
"https://en.wikipedia.org/wiki/Oceania",
"https://www.evanz.co.nz/",
"https://www.foodshow.co.nz/",
"https://www.nzwg.org.nz/",
"https://www.decrastrip.co.nz/",
"https://www.nzte.govt.nz/",
"https://www.isnz.org.nz/",
"http://www.learnz.org.nz/",
"http://www.montessori.org.nz/",
"https://www.nzase.org.nz/",
"http://www.nzpf.ac.nz/",
"https://www.dpmc.govt.nz/",
"https://www.treasury.govt.nz/",
"https://www.gg.govt.nz/",
"https://www.metlifecare.co.nz/",
"https://www.nsoms.co.nz/",
"https://www.acc.co.nz/",
"https://www.arthritis.org.nz/",
"http://www.cht.co.nz/",
"https://www.clmnz.co.nz/",
"http://www.dml.co.nz/",
"http://www.enable.co.nz/",
"https://www.hdc.org.nz/",
"http://www.mooseyscountrygarden.com/",
"http://gardens.co.nz/",
"https://www.palmers.co.nz/",
"https://www.stuff.co.nz/",
"https://www.tumaimagazine.com/",
"https://www.bayleys.co.nz/",
"https://www.harcourts.co.nz/",
"http://www.ironbridge.co.nz/",
"http://www.nz.open2view.com/",
"https://www.propertybrokers.co.nz/",
"http://www.poisonpawn.co.nz/",
"https://www.nzis.co.nz/",
"http://www.nzpca.org/",
"http://www.wake.co.nz/",
"https://www.pistolnz.org.nz/",
"https://www.3wisemen.co.nz/",
"https://www.barkersonline.co.nz/",
"https://www.bigandtall.co.nz/",
"https://www.budflorists.co.nz/",
"https://www.endlesspools.co.nz/",
"https://www.aia.org/",
"https://www.busandcoach.co.nz/",
"http://www.corporatecabs.co.nz/",
"http://www.nzbike.com/",
"http://www.pacifichorizon.co.nz/",
"https://www.supershuttle.co.nz/",
"http://www.ferrytickets.co.nz",
"https://www.newzealand.com/",
"http://www.browntroutheaven.com/",
"http://www.newzealandskionline.com/",
"https://www.southernscenicroute.co.nz/",
"https://www.ultimatehikes.co.nz/",
"https://www.vgplasticsurgery.com",
"https://marriagequest.org/",
"https://www.irvinebankruptcylaw.com/",
"https://www.philadelphiacommercialappraisers.com",
"https://www.dhcoit.co.uk/",
"https://www.drain247.co.uk/",
"https://www.mickelsendalton.com/",
"https://democrawonk.com",
"https://www.odysseynewmedia.com/",
"https://www.visionsbyconcrete.com/",
"https://www.masterpiecepavers.com/",
"https://www.pbgrentacar.gr/",
"https://midwestsupplyus.com/",
"https://controlpestmanagement.com.au/locations/brisbane-pest-control/",
"https://www.newarkcommercialappraisers.com",
"https://www.jeffersoncommercialappraisers.com",
"https://www.drryanstanton.com/",
"https://www.bryanarmijomd.com/",
"https://www.tucsoncommercialappraisers.com",
"https://www.elpasocommercialappraisals.com",
"https://www.apnic.net/",
"https://en.wikipedia.org/wiki/Asia",
"https://en.wikipedia.org/wiki/Europe",
"https://www.nationalgeographic.com/",
"https://library.novascotia.ca/",
"https://www.fonnovaluminium.com",
"http://www.beyochem.com/.",
"https://www.rotam.com/rt2/home/index.html",
"https://www.kamadelivery.com",
"https://www.conpak.com/",
"https://www.hkca.com.hk/",
"https://www.investhk.gov.hk/index.html",
"https://www.oceanpark.com.hk/html/en/home/",
"https://www.gov.hk/en/residents/transport/publictransport/",
"https://www.website-solution.net/",
"http://www.art.in/",
"http://www.idc.iitb.ac.in/",
"http://www.indianartandartists.com/",
"https://kathalaya.org/",
"http://www.marg-art.org/",
"https://pearlacademy.com/",
"https://www.taruntahiliani.com/",
"https://india.tradeford.com/",
"https://www.maldives.com/",
"http://www.dakbayan.ph",
"https://testpapers.com.sg",
"https://singaporeairconservices.com",
"https://www.beyond.org.sg/",
"https://www.citynomads.com/",
"https://www.singstat.gov.sg/",
"https://dwaircon.com/",
"https://www.elveslab.com/",
"https://www.fnp.sg",
"https://funeralservicessingapore.org",
"https://www.heartware.org/",
"https://www.lta.gov.sg/content/ltaweb/en.html",
"http://www.nyaa.org/",
"http://www.penguin.com.sg/",
"https://www.gov.sg/",
"https://www.mpa.gov.sg/",
"https://pantip.com/",
"https://www.phuketwheels.com/",
"https://www.volunteerlatinamerica.com/",
"https://www.tourismthailand.org/",
"https://www.tripadvisor.com/",
"https://dubaipools.ae/",
"https://discoverdesertsafari.com",
"https://www.vgplasticsurgery.com",
"https://marriagequest.org/",
"https://www.irvinebankruptcylaw.com/",
"https://www.philadelphiacommercialappraisers.com",
"https://www.dhcoit.co.uk/",
"https://www.drain247.co.uk/",
"https://www.mickelsendalton.com/",
"https://democrawonk.com",
"https://www.odysseynewmedia.com/",
"https://www.visionsbyconcrete.com/",
"https://www.masterpiecepavers.com/",
"https://www.pbgrentacar.gr/",
"https://midwestsupplyus.com/",
"https://controlpestmanagement.com.au/locations/brisbane-pest-control/",
"https://www.newarkcommercialappraisers.com",
"https://www.jeffersoncommercialappraisers.com",
"https://www.drryanstanton.com/",
"https://www.bryanarmijomd.com/",
"https://www.tucsoncommercialappraisers.com",
"https://www.elpasocommercialappraisals.com",
"https://www.apnic.net/",
"https://en.wikipedia.org/wiki/Asia",
"https://en.wikipedia.org/wiki/Europe",
"https://www.nationalgeographic.com/",
"https://library.novascotia.ca/",
"https://www.belgium.be/en",
"https://www.diplobel.us/",
"https://www.kuleuven.be/english",
"https://www.visitbelgium.com/",
"https://www.vlada.cz/",
"https://www.nkp.cz/",
"https://www.hrad.cz/",
"https://www.radio.cz/",
"https://www.bis.cz/",
"https://www.axialis.com/",
"https://www.evolis.com/",
"https://www.infovista.com/",
"https://www.fertilizer.org/",
"https://www.letour.fr/us/",
"https://www.whatsupgold.com/",
"https://petersen-einrichtungen.de/",
"https://www.bild.de/",
"https://www.coherent.de/",
"https://www.bildungsserver.de/start.html",
"https://www.hairforlife.info/de",
"https://www.gls-german-courses.de/",
"https://socialtrading.info/",
"https://www.bundesregierung.de/Webs/Breg/EN/Homepage/_node.html",
"https://www.shiply.com/de/umzug/",
"https://www.winmagic.com/",
"https://www.pbgrentacar.gr/",
"https://www.greeka.com/",
"https://www.klik.gr/",
"https://www.budapest.com/",
"https://www.budapestsun.com/",
"https://www.centralbank.ie/",
"https://www.easonschoolbooks.com/",
"https://www.independent.ie/",
"https://nonaams.com",
"http://www.smaf-legal.com",
"https://www.lifeinitaly.com/culture",
"https://en.wikipedia.org/wiki/Healthcare_in_Italy",
"http://www.eventplanningamsterdam.com",
"https://www.government.nl/",
"https://www.studyinholland.nl/",
"https://www.xn--billigeforbruksln-orb.no",
"https://xn--forbruksln-listen-hrb.no/",
"https://www.xn--forbruksln-95a.no",
"https://kryptolisten.no/",
"https://www.matkasse.guide/",
"https://xn--byttstrmmen-mgb.no/",
"https://www.energyrent.no/",
"https://www.isstavanger.no/",
"https://www.kredittkortinfo.no/",
"https://www.refinansiere.net/",
"https://www.sos-barnebyer.no/",
