"https://beezzly.com/",
"https://www.gaming.net",
"https://lerablog.org/",
"https://www.menswearstyle.co.uk/",
"https://www.theatlantic.com/",
"https://www.elle.com/",
"http://failuremag.com/",
"http://foundmagazine.com/",
"https://pingbacklinks.com",
"https://www.inthesnow.com/",
"https://www.laphamsquarterly.org/",
"https://www.newszoom.com/",
"https://okmagazine.com/",
"https://www.opendemocracy.net/",
"https://www.parents.com/",
"https://www.realsimple.com/",
"https://www.rigaslaiks.lv/",
"https://www.salon.com/",
"https://www.theatlantic.com/",
"https://www.nytimes.com/",
"https://www.theparisreview.org/",
"https://www.spectator.co.uk/",
"https://thesunmagazine.org/",
"https://thewalrus.ca/",
"https://www.usatoday.com/",
"https://www.womansday.com/",
"https://www.worldandi.com/",
"https://www.yogajournal.com/",
"https://www.syoninfomedia.com/hire-magento-developer",
"https://www.joomlart.com/",
"https://www.mage-world.com/magento-themes.html",
"https://web-experiment.info/",
"https://www.templatemonster.com/",
"https://themeforest.net/",
"https://www.buildgreenmaine.org/",
"https://limoservicesinmaine.com",
"https://mainearts.maine.gov/",
"https://www.ogunquitmuseum.org/",
"https://www.visitportland.com/",
"https://en.wikipedia.org/wiki/Maine",
"https://www.maldives.com/",
"https://www.manitobamusic.com/",
"https://world.einnews.com/news/manitoba",
"https://www.gov.mb.ca/",
"https://www.mbteach.org/",
"https://www.wcb.mb.ca/",
"https://swiftkickma.com/#/ms-1/1",
"https://www.premiermartialarts.com/",
"https://www.autoinsuresavings.org/maryland-cheapest-car-insurance/",
"https://www.dnr.state.md.us/",
"https://www.northendgallery.org/",
"https://ococean.com/",
"http://www.royal-pedigree.com/",
"https://visitmaryland.org/Pages/MarylandHome.aspx",
"https://en.wikipedia.org/wiki/Maryland",
"https://www.massvacation.com/",
"https://en.wikipedia.org/wiki/Massachusetts",
"https://www.plasticsurgerynola.com/",
"https://gal.markel.md",
"http://www.atlco.com",
"https://www.mayoclinic.org/",
"https://morecashforteststrips.com/",
"https://www.mohma.org/",
"https://www.prevention.com/",
"https://tjsbm.com/services/3d-pdf/",
"https://www.ceibroda.com/",
"https://www.lenses-in-glasses.co.uk/",
"https://www.MDendoscopy.com",
"https://www.mobilitypluscolorado.com/",
"https://www.buymorecontacts.com/",
"https://store.directsupply.com/",
"https://www.dremed.com/",
"http://www.absolutemed.com",
"http://idealbill.com",
"https://www.molifthoistsandparts.co.uk/",
"https://premiercathetersupplies.com/",
"https://www.ukmeds.co.uk/",
"https://www.aesthetx.com/",
"https://buckheaddermatology.com/professional-melasma-treatments-atlanta/",
"https://www.totaltestingsolutions.com/",
"https://www.arlingtondentalma.com",
"https://www.thedentalimage.com/",
"https://www.mcgonigledental.com/",
"https://dentistryforlife.net/",
"https://www.dentalimplantsdetroit.com/",
"https://drsabourin.com/",
"https://www.ocskininstitute.com",
"https://www.mellanoorthopedics.com/",
"https://www.peakdentalarts.com/",
"https://www.gothamfootcare.com/",
"https://www.skinandcancerinstitute.com",
"https://drspiro.com",
"https://taylormedicalgroup.net/",
"https://www.tyemedical.com/",
"https://ultrazencbd.com/",
"https://westskinlaser.com/",
"https://www.amro-uk.co.uk/",
"https://www.benjamineye.com/",
"https://www.stiebermd.com/",
"https://www.drlesliestevens.com/",
"https://www.sams.ch/en",
"https://www.laents.com/",
"https://howshealth.com/",
"https://www.huntspine.com/",
"http://www.immunologica.co.uk",
"https://www.insomniahelpers.com/",
"https://www.angellongevity.com/",
"https://www.lotusvision.com/",
"https://www.medhelp.org/",
"http://www.nanomedicine.com/",
"https://www.ncbi.nlm.nih.gov/",
"https://www.nlm.nih.gov/",
"https://www.nmanet.org/",
"https://www.nanoknee.com/",
"https://www.rottmanplasticsurgery.com/",
"https://www.farzanehcosmeticsurgery.com/breast/breast-augmentation-inland-empire/",
"https://bourjoisbespoke.com/",
"http://www.getrealclothes.com/",
"http://www.shortmenssizes.com/",
"https://www.workersland.com",
"https://urologist.ae/",
"https://www.michiganhairrestoration.com/",
"https://moorgateandrology.co.uk/",
"https://goodhgh.com/",
"https://www.gynecomastia.org/",
"https://www.cdc.gov/hiv/risk/gender/msm/index.html",
"https://www.menshealth.com/",
"https://www.mens-hormonal-health.com/",
"http://www.prostateplus.com/",
"https://www.steveyoonmd.com/",
"https://www.surgerylifeenhancement.com/",
"http://www.tc-cancer.com/",
"http://www.tc-cancer.com/",
"https://www.malereproduction.com/",
"https://www.vasectomy.com/",
"https://en.wikipedia.org/wiki/Couvade",
"https://reframedpsychological.ca/",
"https://sossilenceofsuicide.org/",
"https://treatheadaches.com/",
"https://www.allaboutlifechallenges.org/",
"https://www.braintropic.com",
"https://www.coastmentalhealth.com/",
"https://www.cognifit.com/",
"https://FCFRmd.com",
"https://www.healthyplace.com/",
"https://www.helpguide.org/",
"https://www.choicesinrecovery.com/",
"https://www.modafinilnow.net/",
"https://www.partnersinpsychology.net/",
"https://www.kspope.com/",
"https://psychcentral.com/",
"https://www.reclaimedministry.org/",
"https://www.serenity.org.uk/",
"https://www.stopdrinkingexpert.com",
"http://www.wristbandsnow.com",
"https://www.climate-charts.com/",
"https://www.meted.ucar.edu/",
"https://www.nhc.noaa.gov/",
"https://www.weather.gov/",
"https://www.tomscott.com/weather/starwars/",
"https://www.childrensdmc.org/",
"https://www.mackinacisland.org/",
"https://www.michamber.com/",
"https://milawyersweekly.com/",
"http://www.outback-lodge.com/",
"https://www.michigan.org/",
"https://www.michigan.gov/",
"https://www.umich.edu/",
"https://en.wikipedia.org/wiki/Michigan",
"http://www.fsmgov.org/",
"https://bunkerparkstable.com/",
"https://www.macalester.edu/mafel/",
"https://www.dnr.state.mn.us/index.html",
"https://mn.gov/portal/",
"https://www.photoactivemn.com",
"https://en.wikipedia.org/wiki/Minnesota",
"https://birmingham-privateinvestigators.co.uk/",
"http://www.vachss.com/help_text/missing_kids.html",
"https://www.namus.gov/",
"https://www.nola.com/",
"https://www.msagc.com/",
"http://www.msarl.org/",
"https://en.wikipedia.org/wiki/Mississippi",
"https://explorestlouis.com/",
"https://www.missouriartscouncil.org/",
"https://www.moacac.org/",
"https://www.visitmo.com/",
"http://missourimansion.org/",
"http://www.riverfrontsociety.com/",
"https://www.visitmo.com/",
"https://en.wikipedia.org/wiki/Missouri",
"https://www.autoinsuresavings.org/montana-cheapest-car-insurance/",
"http://www.montana-artists.com/",
"https://myperch.io/canada-interest-rate-forecast",
"https://www.perchcapital.ca",
"https://myperch.io/bank-of-canada-interest-rate-schedule/",
"https://myperch.io/tools/canada-capital-gains-tax-calculator/",
"https://www.bankofamerica.com/",
"https://www.diamondmortgageservice.com/",
"https://www.libertyfinancial.com/",
"https://www.mortgagecalculator.biz/",
"https://www.grandeprairiemortgages.com",
"https://911houstonmovers.com",
"https://www.elephantremovals.co.uk/",
"https://www.mountainmoversatx.com/",
"https://furnitureremovalssa.co.za/",
"https://www.caperemovals.co.za/",
"https://capetownfurnituremovers.co.za/",
"https://www.surestore.co.uk/",
"https://www.theselfstoragecompany.co",
"https://vanquotes.ie/",
"https://www.shipit.co.uk/",
"https://www.apex-removals.co.uk/branch/oxford/",
"https://www.apex-removals.co.uk/branch/reading/",
"https://www.caperemovals.co.za/",
"https://www.dbnmovingcompany.co.za/",
"http://www.easymanandvanremovals.co.uk",
"https://www.isaacsmoving.com/",
"https://www.jhbremovals.co.za/",
"http://www.mobileofficetrailer.com",
"https://www.movebuddha.com/",
"https://www.proremovalistsbrisbane.com.au/",
"https://www.pssremovals.com",
"https://www.shiply.com/freight-haulage/",
"https://www.shiply.com/home-removal-firms/",
"https://www.tigermoversdubai.com",
"https://www.watsonremovalssurrey.co.uk/",
"http://epona.net",
"https://pantheon.org/",
"http://www.indian-heritage.org/gods/gods.htm",
"https://www.luminarium.org/mythology/ireland",
