"https://overlandparkroofingcontractors.com/",
"https://americanjazzmuseum.org/",
"http://www.cclibraryks.org/",
"http://www.cbak.com/",
"http://www.kansasacademyscience.org/",
"http://kspress.com/",
"http://www.moorelonghornranch.com/",
"https://www.kansas.gov/",
"https://www.travelks.com/",
"https://tiak.org/",
"http://www.unitedwaygkc.org/",
"https://en.wikipedia.org/wiki/Kansas",
"https://www.autoinsuresavings.org/kentucky-cheapest-car-insurance/",
"http://www.cattlemansroadhouse.com/",
"https://centriccleaning.com/",
"https://www.derbymuseum.org/",
"https://www.kentuckytourism.com/",
"http://pageonekentucky.com/",
"https://en.wikipedia.org/wiki/Kentucky",
"https://www.teentina.com",
"http://www.childrenstorytales.com",
"https://www.eia.gov/kids/",
"https://www.nasa.gov/",
"http://www.plusplustutoring.com",
"https://premiumjoy.com",
"https://www.visiontechcamps.com/locations/sf-bay-area/south-bay/saratoga-computer-camps/",
"https://www.visiontechcamps.com/courses/programming-camps/",
"https://www.vgplasticsurgery.com",
"https://marriagequest.org/",
"https://www.irvinebankruptcylaw.com/",
"https://www.philadelphiacommercialappraisers.com",
"https://www.dhcoit.co.uk/",
"https://www.drain247.co.uk/",
"https://www.mickelsendalton.com/",
"https://democrawonk.com",
"https://www.odysseynewmedia.com/",
"https://www.visionsbyconcrete.com/",
"https://www.masterpiecepavers.com/",
"https://www.pbgrentacar.gr/",
"https://midwestsupplyus.com/",
"https://controlpestmanagement.com.au/locations/brisbane-pest-control/",
"https://www.newarkcommercialappraisers.com",
"https://www.jeffersoncommercialappraisers.com",
"https://www.drryanstanton.com/",
"https://www.bryanarmijomd.com/",
"https://www.tucsoncommercialappraisers.com",
"https://www.elpasocommercialappraisals.com",
"https://www.albrightknox.org",
"https://www.kidsonthenet.org.uk/",
"https://www.gallery.ca/",
"https://www.att.com/Common/images/safety/game.html",
"https://www.safesearchkids.com/",
"https://www.komando.com/",
"https://zui.com/",
"https://www.nannysos.com.sg/",
"https://www.familyorbit.com/",
"https://www.funbrain.com/",
"https://www.hartz.com/",
"https://www.labelyourstuff.com/",
"https://patricemfoster.com/",
"https://www.roomtogrow.co.uk/",
"https://www.spatulatta.com/",
"http://mathgames.org",
"https://plays.org",
"https://www.skipsgarage.com/",
"http://solitaire.org/",
"https://apple-corps.westnet.com/",
"https://customcorntoss.com/",
"https://dailycrosswordpuzzleanswers.com/",
"https://www.readingdentalma.com",
"https://redtreedentalvancouver.ca/",
"https://www.valleycircledental.com",
"https://www.vapeanear.co.uk/",
"https://barbieriortho.com/",
"https://www.phls.co.uk/",
"http://www.niusr.org/",
"https://www.newtondentistryma.com/",
"https://www.pediatriconcall.com/",
"https://rarediseases.org",
"https://www.safetyinfo.com/",
"https://www.sharecare.com/",
"https://www.tuftsmedicalcenter.org/",
"https://www.drreinblatt.com/",
"https://crosswordbuzz.com/",
"https://www.factmonster.com/",
"https://www.guitarlessons.com/",
"https://kids.niehs.nih.gov/games/index.htm",
"https://ozzywizzpop.uk/venues/childrens-entertainer-andover/",
"http://www.supastrikas.com/",
"http://www.teodulo.com/indexb.htm",
"https://www.carbuyingtips.com/fraud.htm",
"http://www.ccmostwanted.com/",
"https://www.missingkids.com/CyberTipline",
"https://www.npr.org/",
"https://www.visiontechcamps.com/locations/sf-bay-area/south-bay/saratoga-computer-camps/",
"https://www.visiontechcamps.com/courses/programming-camps/",
"https://www.offtocollege.com/",
"https://www.collegiateguide.com/",
"http://cybersleuth-kids.com/",
"http://www.faqkids.com/",
"http://www.smallwonderselc.com",
"https://www.studystack.com/",
"https://kidselectriccars.ie/",
"https://label-land.com/",
"https://www.unicorns-rule.co.uk/",
"https://www.kidsonthenet.org.uk/",
"https://trianglecrossranch.com/",
