"https://arthurglosmandds.com/",
"https://www.infinitypropertyservices.com/",
"https://www.odomlawgroup.com/",
"https://www.salinbakersfielddentist.com/",
"https://seamlessrainguttersinc.com/",
"https://doremidoor.com",
"https://www.drmaddahi.com/",
"https://anjtowing.com/",
"https://www.mlocksmith-sacramento.com/",
"https://towlongbeach.com/",
"https://handotowing.com/",
"https://towcarlsbad.com/",
"https://www.losangeles-ads.com/",
"https://palmwaytowing.com/",
"https://perlmanclinic.com/",
"http://www.wehatejail.com",
"http://www.solarponics.com",
"https://super-towing.com/",
"https://www.albertchowdds.com/",
"https://newwaytowing.com/",
"https://www.universityofcalifornia.edu/",
"https://en.wikipedia.org/wiki/California",
"https://standbytalt.se/",
"https://www.anacondastores.com",
"https://www.campingandcaravanningclub.co.uk",
"https://www.campingworld.com/",
"https://enhancedcamping.com",
"https://www.reserveamerica.com/",
"https://myperch.io/canada-interest-rate-forecast/",
"https://www.perchcapital.ca",
"https://www.apple.com/",
"https://www.bcsc.bc.ca/",
"https://www.monster.ca/",
"https://www.sedar.com/",
"https://en.wikipedia.org/wiki/Canada",
"https://www.yourworkplace.ca/",
"https://www.fineindianart.com/product-category/pueblo-pottery/",
"https://optimalbiotech.com",
"https://www.scbt.com/",
"https://www.journals.elsevier.com/bioorganic-chemistry/",
"https://www.chemistry-conferences.com/",
"https://www.chemistry-conferences.com/",
"https://newbrunswick.rutgers.edu/",
"https://www.journals.elsevier.com/dyes-and-pigments/",
"https://www.nature.com/",
"https://www.sciencedaily.com/",
"http://www.wiredchemist.com/",
"https://www.educationrevolution.org/",
"https://www.childcarenetwork.com/",
"https://www.nanny.org/",
"https://en.wikipedia.org/wiki/Child_care",
"http://www.cutelittleclothes.com",
"https://www.sophiasstyle.com/",
"https://www.fonnovaluminium.com",
"http://www.beyochem.com/.",
"https://www.rotam.com/rt2/home/index.html",
"http://www.yvento.com",
"https://www.buyvapesbulk.co.uk",
"https://www.driplocker.com/",
"https://www.electronic-cigarettesco.co.uk/",
"https://www.vape4ever.com/",
"https://bigmosmokeshop.com/",
"https://bigdaddysmoke.com/",
"https://www.brotherswithglass.com/",
"https://www.cloudcig.co.uk/",
"https://www.crownhumidors.com",
"https://dankgeek.com/",
"https://dankstop.com/",
"http://www.discountsmokeshop.com/",
"http://www.heavengifts.com",
"https://www.eliquidukstore.com",
"https://www.electrictobacconist.co.uk/",
"https://www.headshopheadquarters.com/",
"https://highlifegoods.com",
"https://www.medusajuice.co.uk/",
"https://www.milehighglasspipes.com/",
"https://nextbardo.com",
"http://www.simplyecig.co.uk/",
"https://www.smokingoutlet.net/",
"https://www.smokshop.com/collections/e-liquids",
"https://www.superiorvapour.com/",
"https://www.tokersupply.com/",
"https://tophattobacco.com/",
"https://vapedrive.com/",
"https://www.vapeactive.com/",
"https://www.vapes.com/",
"https://www.vaporplants.com/",
"https://www.vikingecigs.co.uk/",
"https://www.woodlightercases.com/",
"https://beavermaids.com",
"https://www.best1cleaning.com/",
"https://bigredcleanscarpet.com/",
"http://www.cleaningsure.co.uk",
"https://www.orientalrugproscoralgables.com/",
"https://www.coolbreezelv.com/dryer-vent-cleaning-las-vegas",
"https://www.ds-premier-cleaning-services.co.uk/",
"https://www.orientalrugprosmiami.com/",
"https://nearmecarpetcleaning.com/",
"https://www.no1bondcleaningbrisbane.com.au/",
"https://www.no1carpetcleaningmelbourne.com.au/",
"https://powerwashingrhodeisland.com/",
"https://www.procarpetcleaningmelbourne.com.au/",
"http://www.procarpetcleaningsydney.com.au/",
"https://www.smartbondcleaningbrisbane.com.au/",
"https://www.smartcarpetcleaningbrisbane.com.au/",
"https://www.orientalrugprossouthbeach.com/",
"https://www.wowcarpetcleaningbrisbane.com.au/",
"https://www.aaaclean.co.uk/carpet-cleaning/sevenoaks/",
"https://www.aaaclean.co.uk/carpet-cleaning/tunbridge-wells/",
"http://www.acevac.uk.com/",
"https://www.clutterhoardingcleanup.com/",
"https://www.precisionairductcleaning.com/",
"https://www.anyclean.co.uk/",
"https://www.carpetcleaningleamingtonspa.uk",
"https://www.carpetcleaning.co.uk/",
"https://www.cleandaylondon.com",
"https://cleancompanylondon.co.uk/",
"https://ajservices.us",
"https://dupray.com/",
"https://dupray.co.uk/",
"https://elitecarpetcleaners.com",
"https://www.hendersoncarpetcleaning.net/",
"http://www.howtocleananything.com/",
"https://lnjnaturals.com/",
"http://www.polishshine.co.uk",
"https://premiumclean.co.uk/",
"https://www.thecleaninggurus.co.uk",
"https://www.proluxcleaning.co.uk/",
"https://www.realsimple.com/",
"http://www.rightathome.com/CLEANING/Pages/default.aspx#",
"http://www.rugcleaningnyc.net/",
"https://signaturewindowwashing.com",
"https://www.singaporecarpetcleaning.com/",
"https://www.sparkleoffice.com.au/",
"https://www.carpetcleaningprince.co.uk/",
"https://thehappyhousecleaning.co.uk/",
"https://www.trustedcleaner.com.au/",
"https://tsvcleaning.co.uk/",
"https://wellnessmama.com/",
"https://www.womansday.com/",
"https://hellomello.com/",
"https://www.missliberty.co.za/",
"https://tshirtatlowprice.com",
"https://www.wishirt.com",
"https://www.zesti.co.uk/",
"https://www.awawork.com/",
"https://www.brantano.co.uk/",
"https://www.coes.co.uk/",
"https://www.damart.co.uk/",
"https://dardanos.com/",
"https://www.deoveritas.com/",
"https://www.dqt.co.uk",
"https://www.dress2party.net/",
"https://www.etsy.com/",
"https://www.evaleather.com/en/",
"https://www.eye-shop.gr/",
"https://www.fishtailparkas.com/",
"http://www.feclothing.com/",
"https://www.furgilets.co.uk/",
"https://www.novo-eyewear.com/",
"https://www.proenzaschouler.com/",
"https://www.progolfshirts.com/",
"http://www.personalized-tee-shirts.com",
"https://www.tkmaxx.com/",
"http://www.upscalestripper.com",
"https://www.vanmildert.com/",
"https://www.handinhandbags.com/",
"https://brightonroofingcontractors.com/",
"https://www.radonmitigationfortcollins.com",
"https://www.casb.org/",
"https://coloradomusic.org/",
"https://www.pilatesinthepines.com/",
"https://www.injurylawcolorado.com/",
"https://www.denverpost.com/",
"https://www.colorado.edu/",
"https://en.wikipedia.org/wiki/Colorado",
"https://www.mycolombianrecipes.com/",
"https://www.agloan.com/",
"https://www.vikingequipmentfinance.com/",
"https://bonnminers.com/",
"https://www.securities.io/is-now-the-time-to-invest-in-gold-a-guide-to-getting-started/",
"https://invoicehome.com",
"https://www.trioptima.com/",
"https://www.bitcoinmining.com/",
"https://www.artsentry.com",
"https://www.acer.com/ac/en/US/content/home",
"https://www.adido-digital.co.uk/",
"https://www.apple.com/",
"https://www.aptive.co.uk",
"https://www.cisecurity.org/",
"https://www.diligencedigital.co.uk/",
"https://www.hp.com/",
"https://www.hp.com/",
"https://www.intel.com/",
"https://www.internetmarketingninjas.com/",
"https://www.mainstreethost.com/",
"http://www.metapilot.com",
"https://purevisibility.com/",
"https://www.samsung.com/",
"https://theiteam.ca/",
"http://www.transparentech.com/",
"https://www.unidev.com/",
"https://www.web-promotion-specialist.com/",
"https://www.att.com/Common/images/safety/game.html",
"https://www.safesearchkids.com/",
"https://www.komando.com/",
"https://zui.com/",
"https://www.gorillaphones.co.za/",
"http://www.atlantic-computers.com",
"https://www.canadacomputers.com/",
"https://www.cclonline.com/",
"https://www.chatlight.com/",
"https://www.ducktoes.com",
"https://www.engadget.com/",
"http://www.foneshop.com",
"https://www.newegg.com/",
"https://www.pcworld.com/",
"https://www.perceptive-ic.com",
"https://www.speedtechinternational.com/",
"http://www.digitalsunrise.com",
"http://www.tescomobile.com",
"https://www.theaerialguys.co.uk/",
"https://www.barcodefactory.com/",
"http://www.tucows.com/",
"https://www.w3schools.com/",
"https://www.westfield.com.au/",
"https://www.ifuturetechnologies.com",
"http://www.vjmcomputers.co.uk",
"https://www.zeronet.co.nz/",
"http://www.bitgeeks.info",
"https://filesextension.com",
"https://www.ljwelding.com/",
"https://www.oracle.com/index.html",
"https://pdfexpert.com/",
"https://quickbookscustomersupportnumber.com",
"https://www.reddit.com/r/technology",
"https://www.browardcenta.com/",
"https://kentuckyhopecounseling.com/",
"https://www.trisadhdhcp.com/",
"https://www.silensoclinic.com/",
"https://www.smiledesignersandiego.com/",
"https://alz.org",
"https://www.anxieties.com/",
"https://www.cancercare.org/",
"http://www.cancereducation.com/",
"https://www.cancerquest.org/",
"https://www.cancer.net/",
"https://www.dysphagia.org.uk/",
"https://www.edreferral.com/",
"http://fvleiden.org/",
"https://www.hemdifferently.com",
"https://www.hereditaryangioedema.com/",
"https://www.banzel.com",
"https://livengrin.org/",
"http://www.oncucare.com/",
"https://www.swedauk.org/",
"https://www.newjerseyspinesurgeon.com/",
"https://www.facialparalysisinstitute.com/",
"https://www.lajolladental.com/",
"http://www.wikicancer.org/",
"https://www.securities.io/bitcoin-events/",
"https://www.mycannabis.com",
"https://www.unite.ai/cybersecurity-conferences/",
"https://www.securities.io/fintech-events/",
"https://www.gaming.net/gambling-conferences/",
"https://www.unite.ai/robotics-conferences/",
"https://www.docstar.com/",
"https://www.unite.ai/conferences/",
"https://www.onx.com/",
"https://www.reddit.com/r/technology",
"http://www.rentaltablets.co.uk",
"https://www.kernel.org/",
"https://www.vinrcorp.com/",
"https://www.ctccc.net/",
"https://postroadstages.com/",
"https://www.webservicesct.com/",
"https://en.wikipedia.org/wiki/Connecticut",
"https://www.yale.edu/",
"https://www.plasticsurgeonsofakron.com/",
"https://www.bajajplasticsurgery.com/",
"https://www.bawamedical.com/",
"https://www.bryanarmijomd.com/",
"https://www.crispinplasticsurgery.com/",
"https://www.gbdavisplasticsurgery.com",
"https://www.drlandis.com/",
"https://www.drliland.com/",
"https://www.bellamy.md",
"https://landfordplasticsurgery.com/",
"https://drcosta.com/",
"https://www.drryanstanton.com/",
"https://drjvegas.com/",
"https://www.avenueplasticsurgery.ca/",
"https://www.jasminedirectory.com/",
"https://www.massplasticsurgeons.com/",
"https://www.zampellplasticsurgery.com/breast-reconstruction-beverly-hills/oncoplastic-reconstruction",
"https://drwilfredbrown.com/",
"https://www.crispinplasticsurgery.com/",
"https://www.davidpassarettimd.com/",
"https://www.daughertyplasticsurgery.com/",
"https://www.surgispa.net/",
"https://drguyfacialplastics.com/",
"https://drstephanieteotia.com/",
"https://www.dryashplasticsurgery.com/",
"https://www.gingerxumd.com/",
"https://www.drsamrizk.com/mps-procedures-surgical-facelift.html",
"https://drkevinsadati.com/",
"https://saxonmd.com/",
"https://www.harmonysurgery.com/",
"https://www.morgensterncenter.com/",
"https://www.malonemd.com/",
"https://www.drfarrior.com/",
"http://www.drardesh.com/nose/female-rhinoplasty/",
"https://www.galefacialplastics.com/",
"https://www.clinicforplasticsurgery.com/",
"https://www.imagosplasticsurgery.com/",
"https://www.drchrislivingston.com/",
"https://macdonaldplasticsurgery.ca",
"https://www.malenaamatomd.com/",
"https://www.dedhammedicalaesthetics.com/",
"https://www.zuriplasticsurgery.com/",
"https://www.nashvilleplasticsurgery.com/",
"https://zbodysculpt.com/",
"https://miraclefacemedspanyc.com",
"https://www.montillaplasticsurgery.com/",
"https://refinesurgery.com/",
"https://www.neograftorangecounty.com/",
"https://www.audubonfacialplastics.com/",
"https://www.drhendricks.com/",
"https://www.trivalleyplasticsurgery.com/",
"https://paydarplasticsurgery.com/",
"https://www.theaestheticcenter.com/",
"https://www.starkmdplasticsurgery.com/",
"https://www.drrizk.com.au/",
"https://www.astraplasticsurgery.com/",
"https://www.dinamd.com/",
"https://www.theplasticsurgerycenterofnashville.com/",
"https://www.drmjtrovato.com/",
"https://www.bengtsoncenter.com/",
"https://www.lacosmeticdocs.com/",
"https://www.marinaplasticsurgery.com/",
"https://www.drcastellon.com/",
"https://rodriguezfelizmd.com/",
"https://awomanplasticsurgeon.com/",
"https://www.aestheticsmd.com/",
"https://www.pacificcenterplasticsurgery.com/",
"https://josepharussomd.com/",
"https://www.drsubbio.com/",
"https://www.renuance.net/",
"https://www.pryorhealth.com/",
"https://www.sanantoniocosmeticsurgery.net/",
"https://www.lajollaskin.com/",
"https://www.saidplasticsurgery.com/",
"https://landonplasticsurgery.com/",
"https://www.oceandriveplasticsurgery.com/",
"https://belmontplasticsurgery.com/",
"https://www.natural-lookingresults.com",
"https://www.discoverradiance.com/",
"https://www.drrobertwhitfield.com/",
"https://www.pacificplasticsurgerygroup.com/",
"https://www.sandramargolesmd.com/",
"https://www.sandramargolesmd.com/",
"https://www.drschusterman.com/",
"https://www.ortmdsurgery.com/",
"https://www.sieberplasticsurgery.com",
"https://www.skinlyaesthetics.com",
"http://www.stcplasticsurgery.com/",
"https://www.drsubbio.com/",
"https://www.synergyplasticsurgery.com/",
"https://www.timsayedmd.com/",
"https://www.troianofacialplastics.com/",
"https://www.uciplasticsurgery.com/",
"https://www.drmichaelworkman.com/",
"https://www.plasticsurgeryct.com/",
"https://widderplasticsurgery.com",
"https://www.zinsserplasticsurgery.com/",
"https://www.lorenc.com",
"https://www.associatesinplasticsurgery.com/",
"https://www.lipoandaesthetics.com/",
"https://www.laparosurgery.com/",
"https://www.drpaulnassif.com/",
"https://www.drshermak.com/",
"https://www.athenixbody.com/",
"https://www.drpfeifer.com/non-surgical/botox/",
"https://www.cangelloplasticsurgery.com/",
"https://www.criswellandcriswell.com/",
"https://www.palmbeachfacialplastic.com/",
"https://dentox.com/",
"https://www.marcmalekmd.com/",
"https://www.lyosmd.com/",
"https://www.ashlinalexander.com/",
"https://www.drchristopherchang.com/",
"https://www.parkavenueplasticsurgeon.com/",
"https://www.dinomd.com/",
"https://www.garthfisher.com/",
"https://www.drjamesridgway.com/",
"https://www.kevinbrennermd.com/",
"https://www.drmatthewwhite.com/",
"https://www.neiltanna.com",
"https://www.coloradoplasticsurgery.com/",
"https://www.drrepta.com/",
"https://www.scottsdaletummytuck.com/",
"https://www.drschwartz.com/",
"https://www.younaiplasticsurgery.com/",
"https://www.newfaceny.com/",
"https://www.facetoronto.com/face/facelift/",
"https://www.summit-aesthetics.com/",
"https://www.drmorrissette.com/",
"https://www.marcusfacialplastics.com/",
"https://www.eskmd.com/",
"https://www.hairrestorationpittsburgh.com/",
"https://www.drfirouz.com/",
"https://www.drhilinski.com",
"https://www.lampertmd.com/",
"https://drlplasticsurgery.com",
"https://www.nybgplasticsurgery.com/",
"https://www.lookrefreshed.com/",
"https://www.maineplasticsurgery.com/",
"https://www.sonyamerrimanmd.com/",
"https://www.skindeepmd.com/",
"https://www.mexicocosmeticcenter.com/",
"https://www.arcplasticsurgeons.com/",
"https://www.wirthplasticsurgery.com/",
"https://www.northsideplasticsurgery.com/",
"https://www.mdface.com/",
"https://www.perkplasticsurgery.com/services/breast/breast-augmentation/",
"https://www.drbirely.com/",
"https://www.drfechner.com/",
"https://www.fewinstitute.com/",
"https://www.aestheticmdr.com/",
"https://www.drkaram.com/",
"https://www.bayareaaestheticsurgery.com/",
"https://www.utuniversityplasticsurgeons.com/",
"https://www.drkotis.com/",
"https://www.simplymales.com/",
"https://www.kirangillmd.com",
"https://www.drprichard.com/",
"https://www.allengabrielmd.com/",
"https://www.allureesthetic.com/",
"https://www.matthewlewisplasticsurgery.com/",
"https://ppsd.com",
"https://www.drhamawy.com/",
"https://drmeger.com/",
"https://www.albertandresmd.com/",
"https://www.shapiroplasticsurgery.com/",
"https://www.sinclairplasticsurgery.com/",
"https://www.spaldingplasticsurgery.com/",
"https://www.drteitelbaum.com/",
"https://www.facesculptormd.com/",
"http://yorkshiredentistry.co.uk",
"https://www.facialplasticsbh.com/",
"https://www.theroseclinic.com/",
"https://www.drschulmanplasticsurgery.com/",
"https://www.valenciasurgery.com/",
"https://www.hubbardplasticsurgery.com/",
"https://www.yehfacialplasticsurgery.com/",
"https://aspiraplasticsurgery.com",
"https://www.northbendface.com/",
"https://www.rifkinraanan.com/",
"https://www.eliteprostheticdentistry.com/",
"https://www.activeskin.com.au/",
"https://www.sculptmdmedspa.com/injectables/botox-pleasanton/",
"https://evxocosmetics.com/",
"https://www.bhcosmetics.com/",
"https://www.clinique.com/",
"https://www.covergirl.com/",
"https://www.esteelauder.com/",
"https://www.sephora.com/",
"https://cpeworld.com/",
"https://www.mastercpe.com/",
"https://www.surgentcpe.com/",
"https://www.ellu.com/",
"https://www.allcrafts.net/",
"https://www.artfurniture.co.uk/",
"https://www.berisfords-ribbons.co.uk/",
"https://www.etsy.com/",
"https://www.myford.co.uk/",
"https://www.theribbonretreat.com/",
"https://www.sm-ee.co.uk/",
"https://www.credito.ca/",
"https://myexchangestore.com/",
"https://www.getitpaid.com/",
"https://www.0creditcardexpert.co.uk/",
"https://www.balancetransferexpert.co.uk/",
"https://money.howstuffworks.com/personal-finance/debt-management/credit-card.htm",
"https://bailaustin.net/",
"https://edition.cnn.com/",
"https://www.crimereports.com",
"https://www.imdb.com/",
"https://www.ncpc.org/",
"https://www.thebailbondfirm.com/",
"https://www.karisable.com/victims.htm",
"https://www.vaonline.org/",
"https://chadilaw.com/",
"https://www.cruisebaltic.com/",
"http://www.explorerivercruises.com",
"http://www.halongsapaexperts.com",
"https://www.rssc.com/",
"https://www.smartown.ae/",
"https://vipdhowcruiseuae.com/",
"http://bearcss.com/",
"http://www.cssplanet.com",
"https://www.doteasy.com/css-templates/",
"https://www.templatemonster.com/",
"https://www.bemunchieonline.co.uk/",
"https://www.digitaldeployment.com",
"https://ronnieroyston.com",
"http://www.redcherryinc.ca",
"http://www.customwebdesigns.biz/",
"https://www.dkkma.com/",
"https://geoffreyrosedesign.com/",
"https://iwebsitez.com",
"https://www.kasadellacomunicazione.it/",
"https://www.onlinedesignuk.co.uk/",
"https://getrocketship.com/",
"https://www.sabagraphix.com/",
"https://straubcreative.nationbuilder.com/",
"https://www.webdesignerexpress.com/",
"https://www.webfwd.co.uk/",
"https://www.webspecdesign.com/",
"https://www.bicycling.com/",
"https://www.bikeradar.com/",
"https://www.mapmyride.com/",
"https://www.usacycling.org/",
"https://velosurance.com/",
"https://www.vlada.cz/",
"https://www.nkp.cz/",
"https://www.hrad.cz/",
"https://www.radio.cz/",
"https://www.bis.cz/",
"https://www.vgplasticsurgery.com",
"https://marriagequest.org/",
"https://www.irvinebankruptcylaw.com/",
"https://www.philadelphiacommercialappraisers.com",
"https://www.dhcoit.co.uk/",
"https://www.drain247.co.uk/",
"https://www.mickelsendalton.com/",
"https://democrawonk.com",
"https://www.odysseynewmedia.com/",
"https://www.visionsbyconcrete.com/",
"https://www.masterpiecepavers.com/",
"https://www.pbgrentacar.gr/",
"https://midwestsupplyus.com/",
"https://controlpestmanagement.com.au/locations/brisbane-pest-control/",
"https://www.newarkcommercialappraisers.com",
"https://www.jeffersoncommercialappraisers.com",
"https://www.drryanstanton.com/",
"https://www.bryanarmijomd.com/",
"https://www.tucsoncommercialappraisers.com",
"https://www.elpasocommercialappraisals.com",
"https://www.apnic.net/",
"https://en.wikipedia.org/wiki/Asia",
"https://en.wikipedia.org/wiki/Europe",
"https://www.nationalgeographic.com/",
"https://library.novascotia.ca/",
"http://www.alpa.org/",
"https://www.arlisna.org/",
"https://www.arlisna.org/",
"https://www.butterfliesandmoths.org/",
"https://www.cpwr.com/",
"https://dovestones.com",
"https://www.rentalimo.com/",
"https://www.pbs.org/",
"https://www.umwa.org/",
"https://www.ufw.org/",
"https://en.wikipedia.org/wiki/North_America",
"https://calgarymoverspro.ca",
"https://radianceplasticsurgery.ca",
"https://sierradental.ca/",
"https://education.alberta.ca/",
"https://www.museums.ab.ca/",
"https://www.ombudsman.ab.ca/",
"https://www.calgarypromovers.com",
"https://hrsynthetics.ca/",
"http://www.assembly.ab.ca/",
"https://birchdentalgroup.com",
"https://kerrisdaledental.com/",
"https://kitspointdental.com/",
"https://www.floristvancouver.com",
"https://www.abmfoodequipment.com/",
"https://bccancerfoundation.com/",
"https://www.bcregistryservices.gov.bc.ca/",
"https://www.hellobc.com/",
"https://www.ubc.ca/",
"https://www.hellobc.com/",
"http://valleyhelicopters.ca/",
"https://www.worksafebc.com/",
"https://www.manitobamusic.com/",
"https://world.einnews.com/news/manitoba",
"https://www.gov.mb.ca/",
"https://www.mbteach.org/",
"https://www.wcb.mb.ca/",
"https://www.aanb.org/",
"https://www.nbanh.com/",
"https://www.nbaot.org/",
"https://www.highlandgames.ca/",
"https://world.einnews.com/news/new-brunswick",
"https://www.justice.gov/",
"https://www.gov.nl.ca/",
"https://www.gov.nl.ca/ecc/",
"https://www.atins.org/",
"https://www.dancens.ca/",
"https://www.engineersnovascotia.ca/",
"https://www.nscc.ca/",
"https://www.library.ns.ca/",
"https://www.nstalenttrust.ns.ca/",
"http://www.visualarts.ns.ca/",
"https://dentistryonlakeshore.com/",
"https://nativecasinos.ca/",
"https://myperch.io/bank-of-canada-interest-rate-schedule/",
"https://www.altimadental.com/locations/brampton/",
"https://www.altimadental.com/locations/brockville/",
"https://www.altimadental.com/locations/cambridge/",
"https://www.altimadental.com/locations/mississauga/",
"https://www.altimadental.com/locations/hamilton/",
"https://www.altimadental.com/locations/north-york/",
"https://www.altimadental.com/locations/kingston/",
"https://www.altimadental.com/locations/thornhill/",
"https://www.centennialcollege.ca/",
"https://www.ontariosciencecentre.ca/",
"https://ottawaextremeclean.com",
"http://www.pinevalleypackaging.com/",
"https://www.smilebydesigndental.ca/",
"http://www.vividcleaning.ca",
"http://www.wawataynews.ca/",
"https://www.peirmta.ca/",
"https://peiwritersguild.wordpress.com/",
"http://www.aaesq.ca/",
"https://carnaval.qc.ca/en/",
"https://montrealpcsupport.com/",
"https://www.quebecdrama.org/",
"https://www.segalcentre.org/",
"http://www.centreforliteracy.qc.ca/",
"https://www.healthcareersinsask.ca/",
"http://www.saskhuntered.ca/",
"https://www.saskimmigrationcanada.ca/",
"https://www.usask.ca/",
"http://www.casv.ca/",
"https://www.theactmapleridge.org/",
"http://www.elementiws.com/",
"http://www.vansmith.com/",
"https://www.ctf-fce.ca/",
"https://dovestones.com",
"http://www.neads.ca/",
"https://www.pch.gc.ca/pgm/ceem-cced/fr-rf/visit-eng.cfm",
"https://www.grouphealth.ca/",
"http://www.hemophilia.ca/",
"https://www.carms.ca/",
"http://www.canceradvocacy.ca/",
"https://www.cbi.ca/",
"https://www.elmhilldentistry.ca",
"https://image.ca/",
"https://iris.ca/",
"https://santeactive.ca/",
"https://gotechappliancerepairs.ca/",
"https://www.saunaspa.ca",
"https://www.bouclair.com/",
"http://www.canadanationalsecurity.com/",
"http://www.carpet-cleaning-service.ca/",
"https://www.cayneshousewares.com/",
"http://www.endoftheroll.com/",
"http://www.teahousecondo.ca",
"https://www.aqualux.ca/",
"http://www.breakthroughentertainment.com/",
"http://www.channelcanada.com/",
"https://www.radio-locator.com/cgi-bin/page?page=provs",
"https://this.org/",
"https://www.adlawappraisals.com/",
"https://myperch.io/canada-interest-rate-forecast",
"https://www.perchcapital.ca",
"https://myperch.io/tools/canada-capital-gains-tax-calculator/",
"https://www.crea.ca/",
"https://commercia.ca/en/",
"https://www.homezilla.ca/",
"https://www.propertysold.ca/",
"https://www.remax.ca/",
"https://www.royallepage.ca/",
"http://www.therealestaterenegades.com/",
"http://www.luskvilledragway.com/",
"https://canadianjewellers.com/",
"https://www.consumerinformation.ca/",
"http://www.hairbeautycanada.com/",
"https://www.michaelhill.ca/",
"http://www.prooutdoorgear.ca/",
"https://www.advantagecarrentals.com/",
"https://www.copanational.org/",
"https://www.lhf.com/",
"http://www.tsb-bst.gc.ca/",
"https://www.escapes.ca/",
"http://www.thelon.com/",
"http://www.tourcanada.com/tours.htm",
"https://www.vacationsincanada.com/",
"https://www.vgplasticsurgery.com",
"https://marriagequest.org/",
"https://www.irvinebankruptcylaw.com/",
"https://www.philadelphiacommercialappraisers.com",
"https://www.dhcoit.co.uk/",
"https://www.drain247.co.uk/",
"https://www.mickelsendalton.com/",
"https://democrawonk.com",
"https://www.odysseynewmedia.com/",
"https://www.visionsbyconcrete.com/",
"https://www.masterpiecepavers.com/",
"https://www.pbgrentacar.gr/",
"https://midwestsupplyus.com/",
"https://controlpestmanagement.com.au/locations/brisbane-pest-control/",
"https://www.newarkcommercialappraisers.com",
"https://www.jeffersoncommercialappraisers.com",
"https://www.drryanstanton.com/",
"https://www.bryanarmijomd.com/",
"https://www.tucsoncommercialappraisers.com",
"https://www.elpasocommercialappraisals.com",
"https://ceremoni.ca",
"https://www.forsale.plus",
"https://www.gifthampersireland.com/",
"https://www.gifthampersuk.co.uk/",
"https://glowtogrowcandle.com",
"https://greatcoffeebrewers.com/",
"https://kedzie.com/",
"https://miaava.com",
"https://onlineshopping.help",
"https://www.pricecheckhq.com/",
"https://ravecoffee.co.uk/",
"https://several.com",
"http://www.bedforbeds.co.uk",
"https://www.bizrate.com/",
"http://www.dealfy.co.uk",
"https://floorjacktips.com/",
"https://www.glassdiningtables.co.uk",
"https://www.fireworks.us/",
"https://www.mensfashionclothing.co.uk/",
"https://www.nattyshirts.com/",
"https://noveltystreet.com",
"https://www.shoplocal.com/",
"http://www.surveycares.com",
"http://thestore.com",
"https://www.tigerspecs.co.uk/",
"https://www.tradebearings.com",
"http://www.cutelittleclothes.com",
"https://www.sophiasstyle.com/",
"https://bourjoisbespoke.com/",
"http://www.getrealclothes.com/",
"http://www.shortmenssizes.com/",
"https://www.workersland.com",
"https://www.angryyoungandpoor.com/store/pc/home.asp",
"https://www.gojane.com/",
"https://www.hottopic.com/",
"https://www.lulus.com/",
"https://www.newlook.com/shop/teens/",
"https://www.pacsun.com/",
"https://www.shopstyle.com/browse/teen-guys-clothes",
"https://www.surfanddirt.com/",
"https://www.amazingdupes.com",
"https://www.doodiestark.co.uk/",
"https://onsboutique.com.au",
"https://tashaapparel.com",
"https://www.kneehighsocks.org/",
"https://www.gracematernityclothes.com/",
"https://www.lashkaraa.com/",
"https://en-ae.namshi.com",
"https://www.punkabilly-clothing.com",
"http://www.purse-obsession.com",
"https://www.springimport.com",
"https://www.etsy.com/",
"https://www.evaleather.com/en/",
"https://www.eye-shop.gr/",
"https://www.fishtailparkas.com/",
"http://www.feclothing.com/",
"https://www.furgilets.co.uk/",
"https://www.novo-eyewear.com/",
"https://www.etsy.com/",
"https://www.evaleather.com/en/",
"https://www.eye-shop.gr/",
"https://www.fishtailparkas.com/",
"http://www.feclothing.com/",
"https://www.furgilets.co.uk/",
"https://www.novo-eyewear.com/",
"https://www.etsy.com/",
"https://www.evaleather.com/en/",
"https://www.eye-shop.gr/",
"https://www.fishtailparkas.com/",
"http://www.feclothing.com/",
"https://www.furgilets.co.uk/",
"https://www.novo-eyewear.com/",
"https://www.etsy.com/",
"https://www.evaleather.com/en/",
"https://www.eye-shop.gr/",
"https://www.fishtailparkas.com/",
"http://www.feclothing.com/",
"https://www.furgilets.co.uk/",
"https://www.novo-eyewear.com/",
"https://www.proenzaschouler.com/",
"https://www.progolfshirts.com/",
"http://www.personalized-tee-shirts.com",
"https://www.tkmaxx.com/",
"http://www.upscalestripper.com",
"https://www.vanmildert.com/",
"https://www.handinhandbags.com/",
"https://www.proenzaschouler.com/",
"https://www.progolfshirts.com/",
"http://www.personalized-tee-shirts.com",
"https://www.tkmaxx.com/",
"http://www.upscalestripper.com",
"https://www.vanmildert.com/",
"https://www.handinhandbags.com/",
"https://www.proenzaschouler.com/",
"https://www.progolfshirts.com/",
"http://www.personalized-tee-shirts.com",
"https://www.tkmaxx.com/",
"http://www.upscalestripper.com",
"https://www.vanmildert.com/",
"https://www.handinhandbags.com/",
"https://www.etsy.com/",
"https://www.evaleather.com/en/",
"https://www.eye-shop.gr/",
"https://www.fishtailparkas.com/",
"http://www.feclothing.com/",
"https://www.furgilets.co.uk/",
"https://www.novo-eyewear.com/",
"https://www.etsy.com/",
"https://www.evaleather.com/en/",
"https://www.eye-shop.gr/",
"https://www.fishtailparkas.com/",
"http://www.feclothing.com/",
"https://www.furgilets.co.uk/",
"https://www.novo-eyewear.com/",
"https://www.etsy.com/",
"https://www.evaleather.com/en/",
"https://www.eye-shop.gr/",
"https://www.fishtailparkas.com/",
"http://www.feclothing.com/",
"https://www.furgilets.co.uk/",
"https://www.novo-eyewear.com/",
"https://www.etsy.com/",
"https://www.evaleather.com/en/",
"https://www.eye-shop.gr/",
"https://www.fishtailparkas.com/",
"http://www.feclothing.com/",
"https://www.furgilets.co.uk/",
"https://www.novo-eyewear.com/",
"https://www.vgplasticsurgery.com",
"https://marriagequest.org/",
"https://www.irvinebankruptcylaw.com/",
"https://www.philadelphiacommercialappraisers.com",
"https://www.dhcoit.co.uk/",
"https://www.drain247.co.uk/",
"https://www.mickelsendalton.com/",
"https://democrawonk.com",
"https://www.odysseynewmedia.com/",
"https://www.visionsbyconcrete.com/",
"https://www.masterpiecepavers.com/",
"https://www.pbgrentacar.gr/",
"https://midwestsupplyus.com/",
"https://controlpestmanagement.com.au/locations/brisbane-pest-control/",
"https://www.newarkcommercialappraisers.com",
"https://www.jeffersoncommercialappraisers.com",
"https://www.drryanstanton.com/",
"https://www.bryanarmijomd.com/",
"https://www.tucsoncommercialappraisers.com",
"https://www.elpasocommercialappraisals.com",
"https://www.artsentry.com",
"https://www.acer.com/ac/en/US/content/home",
"https://www.adido-digital.co.uk/",
"https://www.apple.com/",
"https://www.aptive.co.uk",
"https://www.cisecurity.org/",
"https://www.diligencedigital.co.uk/",
"https://www.hp.com/",
"https://www.hp.com/",
"https://www.intel.com/",
"https://www.internetmarketingninjas.com/",
"https://www.mainstreethost.com/",
"http://www.metapilot.com",
"https://purevisibility.com/",
"https://www.samsung.com/",
"https://theiteam.ca/",
"http://www.transparentech.com/",
"https://www.unidev.com/",
"https://www.web-promotion-specialist.com/",
"https://www.gorillaphones.co.za/",
"http://www.atlantic-computers.com",
"https://www.canadacomputers.com/",
"https://www.cclonline.com/",
"https://www.chatlight.com/",
"https://www.ducktoes.com",
"https://www.engadget.com/",
"http://www.foneshop.com",
"https://www.newegg.com/",
"https://www.pcworld.com/",
"https://www.perceptive-ic.com",
"https://www.speedtechinternational.com/",
"http://www.digitalsunrise.com",
"http://www.tescomobile.com",
"https://www.theaerialguys.co.uk/",
"https://www.barcodefactory.com/",
"http://www.tucows.com/",
"https://www.w3schools.com/",
"https://www.westfield.com.au/",
"https://www.securities.io/bitcoin-events/",
"https://www.mycannabis.com",
"https://www.unite.ai/cybersecurity-conferences/",
"https://www.securities.io/fintech-events/",
"https://www.gaming.net/gambling-conferences/",
"https://www.unite.ai/robotics-conferences/",
"https://www.docstar.com/",
"https://www.unite.ai/conferences/",
"https://www.onx.com/",
"https://www.reddit.com/r/technology",
"http://www.rentaltablets.co.uk",
"https://www.kernel.org/",
"https://www.vinrcorp.com/",
"https://katsplatinum.com",
"https://www.mysql.com/",
"https://www.oracle.com/database/",
"https://www.postgresql.org/",
"https://www.sqlite.org/",
"https://www.teradata.com/",
"http://www.aaronaddingmachines.com/",
"https://arstechnica.com/",
"https://www.computer-hardware-explained.com/",
"https://www.computerhardwareinc.com/",
"https://www.harbortouchpossoftware.com",
"https://hothardware.com/",
"https://www.kingcartridge.com/",
"https://www.nist.gov/",
"https://www.newegg.com/",
"https://www.newertech.com/",
"https://www.nokia.com/",
"https://www.outletpc.com/",
"https://www.posusa.com",
"https://www.quorion.com/",
"https://www.ticalc.org/",
"https://www.tiresias.org/announcement.htm",
"https://www.tomshardware.com/",
"https://www.tomshardware.com/",
"https://www.wi-fi.org/",
"https://axiomht.com",
"https://www.gaia-israel.co.il/",
"https://genh2hydrogen.com/",
"https://www.mabeyhire.co.uk/",
"https://midwestsupplyus.com/",
"https://www.phoenixdigitalcorp.com/",
"https://www.sportsbook-white-label.com/",
"https://tagforklifttrucks.com/",
"https://www.thematerialsgroup.com/",
"https://tricountypallet.net",
"https://nextwheelstyres.com/",
"https://wetroomstop.com/",
"https://www.zeroavia.com/",
"http://ad-tech.com/",
"http://www.adhtape.com",
"https://www.americanpunchco.com/",
"http://www.elliot.com.au/",
"https://www.bitpipe.com/",
"https://blackhawksupply.com",
"http://www.ciodashboard.com/",
"https://www.cmhsoftware.com/",
"http://www.cmscontractor.com/",
"https://www.coherent.com/",
"https://www.customstickers.net/",
"https://www.danobatgroup.com/en",
"http://www.cosmeticsbottles.com",
"http://www.eitforum.com/",
"https://www.energypower.com.au/",
"http://www.equiprent.com.au",
"http://www.equiprent.com.au",
"http://www.freightdynamics.com",
"https://www.gchtool.com",
"http://www.gitex.com/",
"http://www.intellor.com/",
"https://www.interop.com/newyork/",
"https://www.mavericklabel.com/",
"https://www.mcm-se.com/",
"https://www.metroshelvingproducts.com/",
"https://us.misumi-ec.com/",
"https://www.mtxengineering.co.uk/",
"https://www.officetrax.com/en/",
"http://www.smartrigcranes.com",
"https://www.solotimberframe.co.uk/",
"https://www.southlandloghomes.com",
"https://www.synderfiltration.com/",
"https://www.techfest.org/",
"https://www.thames-side.com/",
"https://tritool.com",
"https://www.chemicalassociates.com",
"https://virgamet.com",
"https://www.vital-parts.co.uk/",
"https://www.weld-mesh.com/",
"https://www.wanaport.com",
"https://www.aryaka.com/",
"http://www.ai.co.uk",
"https://luminet.co.uk",
"https://www.milestechnologies.com/",
"https://www.networkcomputing.com/",
"https://www.networkworld.com/",
"https://personaltelco.net/wiki",
"https://www.realtimeca.com/",
"https://www.sonicwall-sales.com/",
"https://www.wimaxforum.org/",
"https://archmemory.com/",
"http://www.ascendtech.us/",
"http://www.azerty.com/Website/index.jsp",
"https://www.cdw.com/",
"https://www.miniinthebox.com/",
"https://pricespy.co.nz/",
"https://missingbite.com/",
"https://www.thehut.com/catalogue/gifts/genre/gadgets.list",
"https://www.thinkgeek.com/",
"https://www.thinkgeek.com/",
"https://www.android.com",
"http://www.beunited.org/",
"https://www.centos.org/",
"https://databear.com",
"https://www.directionsonmicrosoft.com/",
"http://www.dosbox.com/",
"https://fedoraproject.org/",
"https://www.opus.co.tt/dave/",
"https://www.apple.com/",
"http://www-spin.cs.washington.edu/",
"https://www.windowsfs.com/",
"https://www.velvetech.com/",
"https://big-o.io",
"https://www.brainstormstudio.com/",
"https://www.cprogramming.com/",
"http://www.developertutorials.com/",
"https://www.howstuffworks.com/",
"https://www.javatpoint.com/",
"https://www.noemax.com/",
"https://en.wikipedia.org/wiki/Programming_language",
"https://www.realobjects.com/",
"https://stackoverflow.com/",
"https://www.tek-tips.com/",
"https://www.thesitewizard.com/",
"https://www.tsxperts.com/",
"https://www.xml.com/",
"http://www.digitalproducer.com/",
"https://www.linuxjournal.com/",
"https://www.macworld.com/",
"https://www.mitpressjournals.org/loi/comj",
"https://www.pcmag.com/",
"https://www.pcworld.com/",
"https://www.smartcomputing.com/",
"https://www.tcelectronic.com/",
"https://en.wikipedia.org/wiki/List_of_computer_magazines",
"https://www.wired.com/",
"https://www.techbrain.com.au/",
"https://www.acsac.org/",
"https://cloudspaceusa.io/",
"https://www.nist.gov/",
"https://www.dshield.org/",
"http://www.irvineunderground.org/",
"https://zeltser.com/network-perimeter-defense/",
"https://www.safegadget.com/",
"https://www.apple.com/",
"https://www.nokia.com/",
"https://www.samsung.com/",
"https://www.sonymobile.com/",
"https://en.wikipedia.org/wiki/Smartphone",
"https://www.buyerquest.com/",
"https://www.logicaldoc.us",
"https://www.whitelabelcasino.net/",
"https://lexworkplace.com/",
"https://www.myinfoapp.com",
"https://www.casino-white-label.com/",
"https://www.totalvoicetech.com",
"https://www.turnkey-casino-software.com/",
"https://www.turnkeysportsbook.software/",
"https://www.turnkeysportsbooksoftware.com/",
"https://virtual.blue/apps/json-converter",
"https://www.white-label-casino.net/",
"https://xsolla.com",
"http://www.3p-publisher.com",
"https://www.littlehotelier.com/how-to-choose-an-all-in-one-pms-system-for-small-hotels/",
"https://appinstitute.com",
"https://www.apple.com/",
"https://www.apple.com/",
"http://appsolon.com",
"http://softwarelifecyclepros.com/",
"https://www.channeltivity.com/",
"http://www.claredot.net",
"https://www.jonasconstruction.com/",
"https://convertio.co/",
"https://www.docstar.com/",
"https://dovestones.com",
"https://www.dropbox.com/",
"https://www.egress.com/",
"https://ensignonline.co.uk/",
"https://www.fotor.com",
"https://www.giveawayoftheday.com/",
"https://grabz.it/",
"https://www.inetsoft.com/",
"https://www.intrafocus.com/",
"https://invoicehome.com/",
"https://www.invoicea.com/",
"https://www.invoiceberry.com/",
"https://www.loadview-testing.com",
"https://www.logicaldoc.com",
"https://www.megaleechers.com/",
"https://www.microsoft.com/en-us/dynamics/erp.aspx",
"https://nextrasoft.co.uk/",
"https://www.pdfsecurity.org/",
"https://www.photoshop.com/",
"https://www.mwtherapy.com",
"https://www.plustechnologies.com/",
"https://www.touchhalloffame.us",
"https://www.salesforce.com/uk/",
"https://ccscannow.com/",
"https://www.simplio3d.com/",
"https://www.xlstat.com/",
"https://www.symbio.com/",
"https://testmatick.com/",
"https://www.winmagic.com/",
"https://xonasoftware.com/",
"https://www.apple.com/",
"https://www.engadget.com/",
"https://www.intel.com/",
"https://www.samsung.com/",
"https://www.effective-data.com",
"https://theiteam.ca/",
"http://www.answersthatwork.com/",
"https://www.computing.net/",
"http://www.geeksaknockin.com",
"http://www.itec32.com",
"https://www.linuxquestions.org/",
"https://ne-t.com/",
"http://www.pchell.com/",
"https://www.pctechguide.com/",
"http://www.pixel2life.com/",
"https://www.sevenforums.com/",
"https://www.sysarc.com/",
"https://www.techspot.com/",
"https://www.vinrcorp.com/",
"http://www.warriorsofthe.net/",
"https://www.anandtech.com/",
"https://www.digitaltrends.com/",
"https://www.engadget.com/",
"https://www.fipe.net/",
"https://gizmodo.com/",
"https://meridianthemes.net",
"https://www.technologyreview.com/",
"https://www.cnet.com/reviews/",
"https://www.pcmag.com/",
"http://www.pocket-lint.com/",
"https://www.reviews.com/",
"https://www.sharkyextreme.com/",
"https://www.t3.com/",
"https://www.telegraph.co.uk/technology/",
"https://www.theverge.com/reviews",
"https://www.tomshardware.com/",
"https://www.wired.com/",
"https://howto.quest/",
"https://www.bleepingcomputer.com/",
"http://www.computerhelpatoz.com/",
"http://www.computertim.com/",
"https://www.homeandlearn.co.uk/",
"https://www.howtogeek.com/",
"http://inpics.net/",
"https://www.keynotesupport.com/",
"https://serverfault.com/",
"http://www.tech-evangelist.com/",
"https://techntechie.com/",
"https://techcrunch.com/",
"https://thinktutorial.com/",
"https://www.w3schools.com/",
"http://www.webtutoriallist.com/",
"https://www.vgplasticsurgery.com",
"https://marriagequest.org/",
"https://www.irvinebankruptcylaw.com/",
"https://www.philadelphiacommercialappraisers.com",
"https://www.dhcoit.co.uk/",
"https://www.drain247.co.uk/",
"https://www.mickelsendalton.com/",
"https://democrawonk.com",
"https://www.odysseynewmedia.com/",
"https://www.visionsbyconcrete.com/",
"https://www.masterpiecepavers.com/",
"https://www.pbgrentacar.gr/",
"https://midwestsupplyus.com/",
"https://controlpestmanagement.com.au/locations/brisbane-pest-control/",
"https://www.newarkcommercialappraisers.com",
"https://www.jeffersoncommercialappraisers.com",
"https://www.drryanstanton.com/",
"https://www.bryanarmijomd.com/",
"https://www.tucsoncommercialappraisers.com",
"https://www.elpasocommercialappraisals.com",
"https://aspiraplasticsurgery.com",
"https://zfaceplasticsurgery.com/",
"https://www.beverlyhillshaircenter.com/hair-restoration/prp-hair-restoration/",
"https://www.vgplasticsurgery.com",
"https://www.vgplasticsurgery.com",
"https://marriagequest.org/",
"https://www.irvinebankruptcylaw.com/",
"https://www.philadelphiacommercialappraisers.com",
"https://www.dhcoit.co.uk/",
"https://www.drain247.co.uk/",
"https://www.mickelsendalton.com/",
"https://democrawonk.com",
"https://www.odysseynewmedia.com/",
"https://www.visionsbyconcrete.com/",
"https://www.masterpiecepavers.com/",
"https://www.pbgrentacar.gr/",
"https://midwestsupplyus.com/",
"https://controlpestmanagement.com.au/locations/brisbane-pest-control/",
"https://www.newarkcommercialappraisers.com",
"https://www.jeffersoncommercialappraisers.com",
"https://www.drryanstanton.com/",
"https://www.bryanarmijomd.com/",
"https://www.tucsoncommercialappraisers.com",
"https://www.elpasocommercialappraisals.com",
"http://www.africaphotos.com/",
"https://www.jhbremovals.co.za/",
"http://www.mamahappyness.com",
"https://www.pbs.org/",
"https://www.skillsacademy.co.za/",
"http://www.swikiri.com/",
"https://www.treefelling.co.il",
"https://www.compeer.my/",
"https://www.hrw.org/asia",
"https://asiasociety.org/",
"https://www.apec.org/",
"http://www.bulletinasiainstitute.org/",
"https://asiafoundation.org/",
"https://en.wikipedia.org/wiki/Asia",
"https://www.bankweb.com/",
"https://www.ccr-zkr.org/",
"https://www.eu-japan.eu/",
"https://www.eurodns.com/",
"https://www.nyttigbras.dk/",
"https://www.britishempire.co.uk/",
"https://www.trackerintelligence.com/",
"https://www.unece.org/",
"https://en.wikipedia.org/wiki/Europe",
"http://www.alpa.org/",
"https://www.arlisna.org/",
"https://www.arlisna.org/",
"https://www.butterfliesandmoths.org/",
"https://www.cpwr.com/",
"https://dovestones.com",
"https://www.rentalimo.com/",
"https://www.pbs.org/",
"https://www.umwa.org/",
"https://www.ufw.org/",
"https://en.wikipedia.org/wiki/North_America",
"http://aaanz.info/",
"https://www.iesanz.org/",
"http://www.janeresture.com/",
"https://www.oceaniacruises.com/",
"https://www.oceaniafootball.com/ofc/",
"http://www.oceaniaweightlifting.com/",
"https://www.oceaniafootball.com/ofc/",
"https://www.pica-org.org/",
"http://www.pacificislands.com/",
"https://pidp.eastwestcenter.org/pireport/",
"http://www.oceania.org.au/",
"https://en.wikipedia.org/wiki/Oceania",
"https://alainet.org/",
"https://www.sas.upenn.edu/~cerickso/applied.html",
"http://www.coha.org/",
"http://www.andes.org/",
"https://www.desinventar.org/",
"http://www.gringos.com/",
"https://www.ustr.gov/countries-regions/americas",
"http://www.orinoco.org/",
"https://www.fodors.com/",
"http://www.travel-amazing-southamerica.com/",
"https://www.volunteerlatinamerica.com/",
"http://www.volunteersouthamerica.net/",
"https://www.vgplasticsurgery.com",
"https://marriagequest.org/",
"https://www.irvinebankruptcylaw.com/",
"https://www.philadelphiacommercialappraisers.com",
"https://www.dhcoit.co.uk/",
"https://www.drain247.co.uk/",
"https://www.mickelsendalton.com/",
"https://democrawonk.com",
"https://www.odysseynewmedia.com/",
"https://www.visionsbyconcrete.com/",
"https://www.masterpiecepavers.com/",
"https://www.pbgrentacar.gr/",
"https://midwestsupplyus.com/",
"https://controlpestmanagement.com.au/locations/brisbane-pest-control/",
"https://www.newarkcommercialappraisers.com",
"https://www.jeffersoncommercialappraisers.com",
"https://www.drryanstanton.com/",
"https://www.bryanarmijomd.com/",
"https://www.tucsoncommercialappraisers.com",
"https://www.elpasocommercialappraisals.com",
"https://www.apnic.net/",
"https://en.wikipedia.org/wiki/Asia",
"https://en.wikipedia.org/wiki/Europe",
"https://www.nationalgeographic.com/",
"https://library.novascotia.ca/",
"https://myperch.io/canada-interest-rate-forecast/",
"https://www.perchcapital.ca",
"https://www.apple.com/",
"https://www.bcsc.bc.ca/",
"https://www.monster.ca/",
"https://www.sedar.com/",
"https://en.wikipedia.org/wiki/Canada",
"https://www.yourworkplace.ca/",
"https://www.cerrajerometropr.com",
"https://www.southernimagingcopiers.com/",
"https://viplimopr.com",
"https://www.aam-us.org/",
"https://www.rentalimo.com/",
"https://teenchallengeschools.com/",
"https://www.loa.org/",
"http://usgenweb.org/",
"https://www.tucerrajeropr.com/",
"https://www.justice.gov/",
"https://www.usatoday.com/",
"https://www.usa.gov/",
"https://www.usembassy.gov/",
"https://en.wikipedia.org/wiki/United_States",
"https://www.vgplasticsurgery.com",
"https://marriagequest.org/",
"https://www.irvinebankruptcylaw.com/",
"https://www.philadelphiacommercialappraisers.com",
"https://www.dhcoit.co.uk/",
"https://www.drain247.co.uk/",
"https://www.mickelsendalton.com/",
"https://democrawonk.com",
"https://www.odysseynewmedia.com/",
"https://www.visionsbyconcrete.com/",
"https://www.masterpiecepavers.com/",
"https://www.pbgrentacar.gr/",
"https://midwestsupplyus.com/",
"https://controlpestmanagement.com.au/locations/brisbane-pest-control/",
"https://www.newarkcommercialappraisers.com",
"https://www.jeffersoncommercialappraisers.com",
"https://www.drryanstanton.com/",
"https://www.bryanarmijomd.com/",
"https://www.tucsoncommercialappraisers.com",
"https://www.elpasocommercialappraisals.com",
"https://www.sarahashley.net.au",
"https://www.feelgoodstore.co.uk/",
"https://www.antiquesboutique.com/",
"https://www.pawnshopjohannesburg.co.za/",
"https://www.watchesofhenleyst.co.uk",
"https://www.armorvenue.com/",
"https://www.christies.com/",
"https://www.christies.com/",
"https://www.collectors.com/",
"http://www.officemuseum.com/",
"https://www.fossilera.com/",
"https://www.hingstons-antiques.co.uk/",
"https://www.housepaintingsale.com",
"https://www.librarything.com/",
"https://www.lifeposters.org/",
"https://www.madisonartshop.com/kopykake-projectors.html",
"https://www.millersantiquesguide.com/",
"https://natedsanders.com/",
"https://www.rejuvenation.com/",
"https://www.richardlawsonpianos.com/",
"https://www.skinnerinc.com/",
"http://www.sothebys.com",
"http://www.sothebys.com/",
"http://www.vennett-smith.com/",
"https://www.theriaults.com/",
"https://www.ten4tow.com/fremont/",
"https://adamsautomotivewoodlands.com/",
"https://kiwicashforcars.co.nz/",
"https://evolutioncoatings.co.uk/",
"https://www.hercules-towing.com/",
"https://www.inglebysgroup.co.uk/",
"https://www.mcnicollvehiclehire.co.uk/",
"https://nextwheelstyres.com/mobile-tyre-fitting-gloucester/",
"https://www.premier-plates.co.uk",
"https://www.scrapcarsremoval.com.au/",
"https://simplybearings.co.uk/",
"https://www.swiftreg.co.uk",
"https://tripletcargotrailers.com/",
"https://nextwheelstyres.com/",
"https://www.ten4tow.com/San-Rafael/",
"https://www.easy-towing.com/",
"https://buyaircraftparts.com/",
"https://www.airportrentals.com.au/",
"https://www.airportrentals.com/australia/perth-domestic-airport-car-rental",
"http://www.automotivedirectories.com",
"https://www.autoauctionmall.com/",
"https://www.autocraze.com.au/",
"http://www.boattrailertires.com",
"https://britishcarregistrations.co.uk",
"https://www.motorcheck.ie/",
"https://www.carcliq.co.uk/",
"https://www.carhp.com",
"https://www.carpaymentcalculator.net/",
"https://www.carreg.co.uk",
"http://www.cartechautoparts.com",
"https://www.rentalimo.com/",
"https://towingfresnoca.com/",
"https://www.diymarketspace.com/?adtype=clearancecars",
"https://www.drivejohnsons.co.uk/",
"https://www.glaciervehicles.com/",
"https://www.golfcartsforsale.com/",
"https://intensivedrivingcourses-bennetts.co.uk/",
"https://kenndybrostowing.com/",
"https://www.losangeleskeyreplacement.com",
"https://www.lvautoglasspros.net/",
"https://www.majorpolicesupply.com/",
"https://www.manchesterdrivertraining.co.uk/",
"https://www.toyota.co.uk/",
"https://www.optic-kleer.co.uk/",
"https://www.ozzytyres.com.au/",
"https://pandoratowing.com/",
"https://www.pinnacleautoglass.com/",
"https://www.remotesandkeys.com/",
"https://secondhandcarsforsale.uk",
"https://seriousdetecting.com/",
"https://www.tailribbons.com/",
"http://www.thecarcover.com/",
"https://tororoadrunners.com/san-jose/",
"https://towingsavers.com/",
"https://truetowing.com",
"https://www.tyrecompany.co.uk/",
"https://www.ukcarmats.co.uk/",
"http://www.pncarsales.com/",
"https://vangadgets.co.uk/",
"https://www.webbsmotorcaravans.co.uk/",
"https://www.wewantanycar.com/",
"https://www.zoomcarloans.com.au",
"http://www.babyjogger.com",
"https://www.babypark.com.hk",
"https://colgatekids.com/",
"https://fuif.nl",
"https://hierbenik.nl/",
"https://hippe-geboortekaartjes.nl",
"http://www.personalizedpartyinvites.com/",
"https://www.smilemakers.com/",
"https://www.stikins.co.uk",
"https://www.thebrainystore.com/",
"http://tinyworld.com.au",
"http://www.beautynewsnyc.com/",
"https://www.beauty.com/",
"http://www.bellaonline.com",
"https://www.woman-health-club.com/category/",
"https://www.abebooks.com/",
"https://www.abebooks.com/",
"http://www.adventurehouse.com/",
"https://www.banyen.com/",
"https://www.barnesandnoble.com/",
"https://www.baumanrarebooks.com/",
"https://www.biblio.com/",
"https://craftsman-book.com/",
"https://www.greenapplebooks.com/",
"https://www.livre-rare-book.com/",
"https://www.moleiro.com/",
"https://www.ncbi.nlm.nih.gov/",
"https://www.npr.org/",
"https://www.oakknoll.com/",
"https://www.octavo.com/",
"http://www.powells.com/",
"https://www.salon.com/",
"http://www.seattlebookfair.com/",
"https://www.strandbooks.com/",
"https://thebookcoverdesigner.com/",
"http://www.chartandmapshop.com.au",
"https://www.huffingtonpost.com/",
"http://onlinebooks.library.upenn.edu/",
"https://www.whsmith.co.uk/",
"http://www.yorkbookfair.com/",
"https://alltorcusa.com/",
"https://www.garagefloorsolution.com/orlando-epoxy-floor",
"https://www.blowmotion.co.uk/",
"https://customneon.com/",
"https://excelcustomdecks.com/oshkosh-deck-builder",
"https://nationalcarparts.co.nz/",
"https://www.policepromote.com/",
"https://yeksdisplay.com/",
"https://voodooneon.com",
"https://www.architekst.com",
"https://www.axisproto.com/",
"https://www.cartridgesdirect.com.au/",
"https://www.church-noticeboards.co.uk",
"http://www.daihananchorchain.com",
"http://www.photopaperdirect.com",
"http://www.sportsbooksoft.com",
"https://www.spycameracctv.com/",
"https://trashcansunlimited.com/",
"https://www.buyvapesbulk.co.uk",
"https://www.driplocker.com/",
"https://www.electronic-cigarettesco.co.uk/",
"https://www.vape4ever.com/",
"https://bigmosmokeshop.com/",
"https://bigdaddysmoke.com/",
"https://www.brotherswithglass.com/",
"https://www.cloudcig.co.uk/",
"https://www.crownhumidors.com",
"https://dankgeek.com/",
"https://dankstop.com/",
"http://www.discountsmokeshop.com/",
"http://www.heavengifts.com",
"https://www.eliquidukstore.com",
"https://www.electrictobacconist.co.uk/",
"https://www.headshopheadquarters.com/",
"https://highlifegoods.com",
"https://www.medusajuice.co.uk/",
"https://www.milehighglasspipes.com/",
"https://nextbardo.com",
"http://www.simplyecig.co.uk/",
"https://www.smokingoutlet.net/",
"https://www.smokshop.com/collections/e-liquids",
"https://www.superiorvapour.com/",
"https://www.tokersupply.com/",
"https://tophattobacco.com/",
"https://vapedrive.com/",
"https://www.vapeactive.com/",
"https://www.vapes.com/",
"https://www.vaporplants.com/",
"https://www.vikingecigs.co.uk/",
"https://www.woodlightercases.com/",
"https://hellomello.com/",
"https://www.missliberty.co.za/",
"https://tshirtatlowprice.com",
"https://www.wishirt.com",
"https://www.zesti.co.uk/",
"https://www.awawork.com/",
"https://www.brantano.co.uk/",
"https://www.coes.co.uk/",
"https://www.damart.co.uk/",
"https://dardanos.com/",
"https://www.deoveritas.com/",
"https://www.dqt.co.uk",
"https://www.dress2party.net/",
"https://www.etsy.com/",
"https://www.evaleather.com/en/",
"https://www.eye-shop.gr/",
"https://www.fishtailparkas.com/",
"http://www.feclothing.com/",
"https://www.furgilets.co.uk/",
"https://www.novo-eyewear.com/",
"https://www.proenzaschouler.com/",
"https://www.progolfshirts.com/",
"http://www.personalized-tee-shirts.com",
"https://www.tkmaxx.com/",
"http://www.upscalestripper.com",
"https://www.vanmildert.com/",
"https://www.handinhandbags.com/",
"https://www.gorillaphones.co.za/",
"http://www.atlantic-computers.com",
"https://www.canadacomputers.com/",
"https://www.cclonline.com/",
"https://www.chatlight.com/",
"https://www.ducktoes.com",
"https://www.engadget.com/",
"http://www.foneshop.com",
"https://www.newegg.com/",
"https://www.pcworld.com/",
"https://www.perceptive-ic.com",
"https://www.speedtechinternational.com/",
"http://www.digitalsunrise.com",
"http://www.tescomobile.com",
"https://www.theaerialguys.co.uk/",
"https://www.barcodefactory.com/",
"http://www.tucows.com/",
"https://www.w3schools.com/",
"https://www.westfield.com.au/",
"https://www.expertresearch-dataanalysishelp.com",
"https://freetestpaper.com",
"https://www.lifepurposeinstitute.com/",
"http://www.cdlponline.org/",
"https://www.columbiasouthern.edu/",
"http://www.edupoint.com/",
"https://essaychat.com/",
"https://www.essayscam.org/",
"https://essaytalk.com/",
"https://www.explorelearning.com/",
"http://www.insidehighered.com/",
"http://www.kovacs.com/",
"http://www.nec.ac.uk/",
"http://www.online-degrees-and-scholarships.com/",
"https://www.studentgrants.org/",
"https://www.tutorfair.com",
"http://www.usdla.org/",
"https://www.universalclass.com/",
"https://ksurf.net/vu/",
"https://www.alivehqrecordingstudios.co.uk/",
"https://www.emusic.com/home/home.html",
"https://www.fye.com/",
"https://www.livenation.com/",
"https://www.modernbrickwarfare.com/",
"https://musichq.co.uk",
"https://www.musicscreen.org/",
"http://www.ticodo.com",
"https://www.nbsparts.com",
"https://www.appletonsweets.co.uk/",
"https://simplycateringequipment.co.uk",
"https://www.epicurious.com/",
"http://www.nolacajun.com",
"https://www.sarunds.co.uk/",
"https://www.smithandwollensky.co.uk/",
"https://spanishchef.net",
"https://www.teavue.com/",
"https://www.wineware.co.uk/",
"https://brokescholar.com/coupon-codes",
"https://www.dealepic.com",
"https://mmanuts.com",
"http://www.refermate.com",
"https://www.marcopromotionalproducts.com/",
"https://www.poundwholesale.co.uk/",
"https://www.edibleblooms.com.au/",
"https://www.beachthemeweddingshop.com/",
"http://www.glasswithatwist.com/",
"http://grabitglasses.com/",
"https://www.harryanddavid.com/",
"https://www.luckies.co.uk/",
"https://personalizedbykate.com",
"http://www.rightgift.com/",
"https://www.bridaleverything.com/",
"https://hygieneunion.com/",
"https://pharmacbd.com/",
"https://www.achooallergy.com/",
"https://www.aerialsusa.com",
"https://www.askthetrainer.com/",
"https://www.fitnessrepublic.com/",
"https://www.fitstraps.co.uk",
"https://www.footstore.com.au",
"https://greatist.com/",
"https://optimum-fitness.net/",
"https://www.personal-trainerbrighton.co.uk/",
"https://www.glasses.com/",
"https://www.teasenz.com/",
"https://www.thevanguardeye.com/",
"https://tigerandson.com",
"https://www.transforming-fitness.com/",
"https://shawtechlighting.com",
"http://www.allthingschristmas.com/",
"https://www.phsgreenleaf.co.uk/",
"https://www.purecostumes.com/",
"https://www.santasquarters.com/",
"https://allgreatappliances.com/",
"https://www.historicalbricks.com/",
"https://www.detectiondrainservices.co.uk/blocked-drains-crawley/",
"https://cedarspringsme.com",
"https://longtopstone.com/",
"https://www.construction-supplies.co.uk/",
"https://www.cowhiderugslondon.co.uk",
"https://ecoscape.co.uk/",
"https://www.greenhomesystems.co.uk/",
"https://homeevolution.net",
"https://industrialrevolution.net/",
"https://magniflex.ae/",
"https://magniflex.ae/",
"https://www.mynextmattress.co.uk/",
"https://www.no1carportsbrisbane.com.au/",
"https://ottomantextiles.com/",
"https://www.redboxtools.com/",
"https://snugsanctuary.com/",
"https://stencilgiant.com",
"https://www.stonepavingdirect.co.uk/",
"https://www.thefinecurtaincompany.co.uk/",
"https://tyronewoodsmhc.com",
"https://welovefire.com/",
"https://www.zerozen.co.uk",
"http://www.alkalinewaterionizers.org/",
"http://www.featherandweave.co.uk",
"https://www.averncleaningsupplies.com/",
"http://www.harborpowerhouse.com",
"https://www.beanbagsrus.com.au",
"https://www.bigapplefuton.com/",
"https://www.bordeauxcandles.com.au/",
"https://beeseal.ca",
"https://www.citycows.co.uk/categories/Cowhide-Rugs/",
"https://www.clearancepaving.co.uk/",
"https://www.londoncows.co.uk/categories/Cowhide-Rugs/",
"https://www.dresstheyard.com/",
"https://www.espressooutlet.net/",
"https://www.euphoriafireplace.co.uk/",
"https://www.ex-cell.com",
"https://www.fontanaforniusa.com/",
"https://www.chrisbowers.co.uk/",
"https://www.furnitureinfashion.net/",
"https://www.furnitureinfashion.net/",
"https://growurban.uk/",
"https://www.hottubbarn.co.uk/",
"https://www.kitchenwarehouseltd.com/",
"https://newbathroomstyle.com/",
"https://nwnaturalappliances.com/",
"https://www.rainbowzebra.co.uk/",
"https://officefurniturescene.co.uk/",
"https://pillowpicker.com",
"https://puredown.com/",
"https://www.quillproductions.co.uk/",
"https://www.rainvac.com",
"https://republicfurnitures.com/",
"https://www.rugstorene.co.uk",
"http://securityservicesok.com",
"https://www.signindustries.com/",
"https://www.sofasunlimited.com/",
"https://www.vanessaarbuthnott.co.uk/",
"https://wallpegstore.com/",
"https://www.webcoat.com/",
"https://www.wineracks.co.uk/",
"https://www.etsy.com/",
"http://www.oecd.org/",
"https://www.ofii.org/",
"https://www.start-sportsbook.com",
"https://www.angara.com",
"https://diamondsbyrothschild.com",
"https://www.finerblack.com",
"https://www.markbroumand.com/",
"https://www.mensrings.co/",
"https://www.mensweddingbands.io/",
"https://www.mensweddingrings.us/",
"https://www.meteoriterings.co/",
"https://playwithdiamonds.com/",
"https://www.smartwatch-straps.co.uk/",
"https://www.woodchronos.com/",
"https://www.bikerringshop.com",
"https://www.butlerandwilson.co.uk/",
"http://www.creativehandnepal.com",
"https://www.diamdb.com/",
"https://www.ditur.dk/",
"https://www.emmaandroe.com.au/",
"https://www.fragments.com/",
"https://www.gs-jj.com",
"https://www.copperreflections.com/",
"https://www.hermj.com/",
"https://www.jewelluna.com",
"http://www.jewelrybund.com",
"http://www.jewelrykind.com",
"http://www.ordersiliconebracelets.com",
"https://prjewel.com/",
"https://www.body-piercing.com",
"https://www.secondhandgoldbuyer.co.in/",
"https://www.stonesandsilver.co.uk/",
"https://stylemyoutfit.com/jewellery.html",
"https://www.thediamondringcompany.co.uk/",
"https://www.georgianjewelry.com/",
"https://www.wholesalefashionsquare.com",
"https://premiumjoy.com",
"https://www.longshoreboats.com/",
"http://www.allhotels.com/",
"http://www.magicalkenya.com/",
"https://www.myteeproducts.com/",
"https://www.planeta.com/",
"https://www.bahamas.com/",
"https://www.tourism.gov.my/",
"http://www.travelterminal.com/",
"https://www.tripadvisor.com/",
"http://www.umtmarine.com/index.php/cranes-chocks/davits",
"http://www.wristbandsnow.com",
"https://skintreatment.com/",
"https://www.quinessence.com/",
"https://www.eoproducts.com/",
"https://houseofpheromones.com/",
"https://www.joyetech.co.uk/",
"https://www.kingsbarberclub.co.uk/",
"https://www.naturesgift.com/",
"https://www.neutrogena.com/",
"https://taoxoandanang.com",
"https://www.tweezerman.com/",
"https://www.adogsbestlife.com.au",
"https://alphaandomegadogtraining.com/",
"https://www.caninejournal.com/halo-collar-reviews/",
"https://technobark.com/halo-collar-review/",
"https://www.vetmax.com",
"https://www.vomhausaudax.com/available-german-shepherds",
"https://www.barkstix.com/",
"https://bettervet.com/locations/pa/philadelphia",
"https://bullymax.com",
"https://www.completeaquatics.co.uk/",
"https://iluvdogs.io",
"https://www.dogtra.com/",
"https://www.emotionalsupportanimalco.com",
"http://everythingbirdsonline.com",
"https://www.marvelousproducts.com/",
"http://meowbrand.com",
"https://www.northridgeamc.com/",
"https://www.petandbabygates.com",
"https://www.petsmart.com/",
"http://www.petsolutions.com/",
"https://www.puppywire.com/",
"https://www.sydneywidepetdoors.com.au/",
"https://therapypet.org",
"https://2weddingphotographers.co.uk/",
"https://bozenavoytko.com/",
"https://www.lavanphoto.com.au/",
"https://loveweddingphotosandfilm.co.uk",
"https://www.studiofreyja.com",
"https://geoffkirbyphotography.co.uk/",
"https://www.nathanwalkerphotography.co.uk",
"https://www.peteryoungs.co.uk/",
"https://www.jolynn-photography.com",
"https://www.marriedtomycamera.com",
"http://www.ablphotography.com",
"https://www.annabellaw.com/",
"http://www.art-support.com/",
"https://www.bigstockphoto.com/",
"http://www.foodesigns.com/",
"https://www.gettyimages.com/",
"https://www.uhdwallpapers.org/",
"https://www.icp.org/",
"https://www.istockphoto.com/",
"https://www.jhoque.com/",
"http://www.tusonphotography.com",
"http://www.lexonphotography.com",
"https://www.jwheadshots.com/",
"https://www.kristenmarieimagery.com",
"https://www.blueskysstudio.com/",
"https://www.emma-janephotography.co.uk",
"https://www.lynnshapiro.co",
"https://maximphotostudio.com/",
"https://www.nyip.edu/",
"http://www.photodo.com/",
"https://www.photography-forums.com/",
"https://www.photographytips.com/",
"https://www.pxbee.com",
"https://www.addmotor.com",
"https://www.prosoccer.com/",
"https://www.yacht-villa.com",
"https://www.leisurelakesbikes.com/",
"https://motherroadcustoms.com/",
"https://www.rugby-city.com/",
"https://www.whitelabelsportsbook.com",
"https://www.christianbook.com/",
"https://www.familychristian.com/",
"https://www.apple.com/",
"https://www.nokia.com/",
"https://www.samsung.com/",
"https://www.sonymobile.com/",
"https://www.tiaonline.org/",
"https://www.unlockninja.com/",
"https://luxefilmography.com",
"https://novaimagery.com",
"https://ourwestwardhearts.com",
"https://www.alivenetwork.com/",
"https://www.americanpavilion.com/",
"https://www.cocomelody.com/",
"https://www.designcentrejewellery.com",
"https://fascinatorsdirect.co.uk",
"https://www.jjshouse.com/",
"http://www.julianvoigtweddingfilms.co.uk/",
"https://madamebridal.com/",
"https://MensWeddingBands.com",
"https://www.myweddingfavors.com/",
"https://www.paperdivas.com.au/",
"https://www.partystar.com.au",
"https://www.dreamdayinvitations.com.au/",
"https://evancrosbyseo.com",
"https://bittner.com/",
"https://contentwriting.org/",
"https://custompapers.com/",
"https://essaycoupons.com/",
"https://graduatewriter.com/",
"http://wordeng.com",
"https://writersperhour.com",
"https://www.bizrate.com/",
"http://www.dealfy.co.uk",
"https://floorjacktips.com/",
"https://www.glassdiningtables.co.uk",
"https://www.fireworks.us/",
"https://www.mensfashionclothing.co.uk/",
"https://www.nattyshirts.com/",
"https://noveltystreet.com",
"https://www.shoplocal.com/",
"http://www.surveycares.com",
"http://thestore.com",
"https://www.bizrate.com/",
"http://www.dealfy.co.uk",
"https://floorjacktips.com/",
"https://www.glassdiningtables.co.uk",
"https://www.fireworks.us/",
"https://www.mensfashionclothing.co.uk/",
"https://www.nattyshirts.com/",
"https://noveltystreet.com",
"https://www.shoplocal.com/",
"http://www.surveycares.com",
"http://thestore.com",
"https://www.bizrate.com/",
"http://www.dealfy.co.uk",
"https://floorjacktips.com/",
"https://www.glassdiningtables.co.uk",
"https://www.fireworks.us/",
"https://www.mensfashionclothing.co.uk/",
"https://www.nattyshirts.com/",
"https://noveltystreet.com",
"https://www.shoplocal.com/",
"http://www.surveycares.com",
"http://thestore.com",
"https://www.bizrate.com/",
"http://www.dealfy.co.uk",
"https://floorjacktips.com/",
"https://www.glassdiningtables.co.uk",
"https://www.fireworks.us/",
"https://www.mensfashionclothing.co.uk/",
"https://www.nattyshirts.com/",
"https://noveltystreet.com",
"https://www.shoplocal.com/",
"http://www.surveycares.com",
"http://thestore.com",
"https://www.tigerspecs.co.uk/",
"https://www.tradebearings.com",
"https://www.tigerspecs.co.uk/",
"https://www.tradebearings.com",
"https://www.tigerspecs.co.uk/",
"https://www.tradebearings.com",
"https://www.bizrate.com/",
"http://www.dealfy.co.uk",
"https://floorjacktips.com/",
"https://www.glassdiningtables.co.uk",
"https://www.fireworks.us/",
"https://www.mensfashionclothing.co.uk/",
"https://www.nattyshirts.com/",
"https://noveltystreet.com",
"https://www.shoplocal.com/",
"http://www.surveycares.com",
"http://thestore.com",
"https://www.bizrate.com/",
"http://www.dealfy.co.uk",
"https://floorjacktips.com/",
"https://www.glassdiningtables.co.uk",
"https://www.fireworks.us/",
"https://www.mensfashionclothing.co.uk/",
"https://www.nattyshirts.com/",
"https://noveltystreet.com",
"https://www.shoplocal.com/",
"http://www.surveycares.com",
"http://thestore.com",
"https://www.bizrate.com/",
"http://www.dealfy.co.uk",
"https://floorjacktips.com/",
"https://www.glassdiningtables.co.uk",
"https://www.fireworks.us/",
"https://www.mensfashionclothing.co.uk/",
"https://www.nattyshirts.com/",
"https://noveltystreet.com",
"https://www.shoplocal.com/",
"http://www.surveycares.com",
"http://thestore.com",
"https://www.bizrate.com/",
"http://www.dealfy.co.uk",
"https://floorjacktips.com/",
"https://www.glassdiningtables.co.uk",
"https://www.fireworks.us/",
"https://www.mensfashionclothing.co.uk/",
"https://www.nattyshirts.com/",
"https://noveltystreet.com",
"https://www.shoplocal.com/",
"http://www.surveycares.com",
"http://thestore.com",
"https://www.vgplasticsurgery.com",
"https://marriagequest.org/",
"https://www.irvinebankruptcylaw.com/",
"https://www.philadelphiacommercialappraisers.com",
"https://www.dhcoit.co.uk/",
"https://www.drain247.co.uk/",
"https://www.mickelsendalton.com/",
"https://democrawonk.com",
"https://www.odysseynewmedia.com/",
"https://www.visionsbyconcrete.com/",
"https://www.masterpiecepavers.com/",
"https://www.pbgrentacar.gr/",
"https://midwestsupplyus.com/",
"https://controlpestmanagement.com.au/locations/brisbane-pest-control/",
"https://www.newarkcommercialappraisers.com",
"https://www.jeffersoncommercialappraisers.com",
"https://www.drryanstanton.com/",
"https://www.bryanarmijomd.com/",
"https://www.tucsoncommercialappraisers.com",
"https://www.elpasocommercialappraisals.com",
"https://ceremoni.ca",
"https://www.forsale.plus",
"https://www.gifthampersireland.com/",
"https://www.gifthampersuk.co.uk/",
"https://glowtogrowcandle.com",
"https://greatcoffeebrewers.com/",
"https://kedzie.com/",
"https://miaava.com",
"https://onlineshopping.help",
"https://www.pricecheckhq.com/",
"https://ravecoffee.co.uk/",
"https://several.com",
"http://www.bedforbeds.co.uk",
"https://www.bizrate.com/",
"http://www.dealfy.co.uk",
"https://floorjacktips.com/",
"https://www.glassdiningtables.co.uk",
"https://www.fireworks.us/",
"https://www.mensfashionclothing.co.uk/",
"https://www.nattyshirts.com/",
"https://noveltystreet.com",
"https://www.shoplocal.com/",
"http://www.surveycares.com",
"http://thestore.com",
"https://www.tigerspecs.co.uk/",
"https://www.tradebearings.com",
"http://www.cutelittleclothes.com",
"https://www.sophiasstyle.com/",
"https://bourjoisbespoke.com/",
"http://www.getrealclothes.com/",
"http://www.shortmenssizes.com/",
"https://www.workersland.com",
"https://www.angryyoungandpoor.com/store/pc/home.asp",
"https://www.gojane.com/",
"https://www.hottopic.com/",
"https://www.lulus.com/",
"https://www.newlook.com/shop/teens/",
"https://www.pacsun.com/",
"https://www.shopstyle.com/browse/teen-guys-clothes",
"https://www.surfanddirt.com/",
"https://www.amazingdupes.com",
"https://www.doodiestark.co.uk/",
"https://onsboutique.com.au",
"https://tashaapparel.com",
"https://www.kneehighsocks.org/",
"https://www.gracematernityclothes.com/",
"https://www.lashkaraa.com/",
"https://en-ae.namshi.com",
"https://www.punkabilly-clothing.com",
"http://www.purse-obsession.com",
"https://www.springimport.com",
"https://hellomello.com/",
"https://www.missliberty.co.za/",
"https://tshirtatlowprice.com",
"https://www.wishirt.com",
"https://www.zesti.co.uk/",
"https://www.awawork.com/",
"https://www.brantano.co.uk/",
"https://www.coes.co.uk/",
"https://www.damart.co.uk/",
"https://dardanos.com/",
"https://www.deoveritas.com/",
"https://www.dqt.co.uk",
"https://www.dress2party.net/",
"https://www.etsy.com/",
"https://www.evaleather.com/en/",
"https://www.eye-shop.gr/",
"https://www.fishtailparkas.com/",
"http://www.feclothing.com/",
"https://www.furgilets.co.uk/",
"https://www.novo-eyewear.com/",
"https://www.proenzaschouler.com/",
"https://www.progolfshirts.com/",
"http://www.personalized-tee-shirts.com",
"https://www.tkmaxx.com/",
"http://www.upscalestripper.com",
"https://www.vanmildert.com/",
"https://www.handinhandbags.com/",
"https://hellomello.com/",
"https://www.missliberty.co.za/",
"https://tshirtatlowprice.com",
"https://www.wishirt.com",
"https://www.zesti.co.uk/",
"https://www.awawork.com/",
"https://www.brantano.co.uk/",
"https://www.coes.co.uk/",
"https://www.damart.co.uk/",
"https://dardanos.com/",
"https://www.deoveritas.com/",
"https://www.dqt.co.uk",
"https://www.dress2party.net/",
"https://www.etsy.com/",
"https://www.evaleather.com/en/",
"https://www.eye-shop.gr/",
"https://www.fishtailparkas.com/",
"http://www.feclothing.com/",
"https://www.furgilets.co.uk/",
"https://www.novo-eyewear.com/",
"https://www.proenzaschouler.com/",
"https://www.progolfshirts.com/",
"http://www.personalized-tee-shirts.com",
"https://www.tkmaxx.com/",
"http://www.upscalestripper.com",
"https://www.vanmildert.com/",
"https://www.handinhandbags.com/",
"https://www.proenzaschouler.com/",
"https://www.progolfshirts.com/",
"http://www.personalized-tee-shirts.com",
"https://www.tkmaxx.com/",
"http://www.upscalestripper.com",
"https://www.vanmildert.com/",
"https://www.handinhandbags.com/",
"https://www.proenzaschouler.com/",
"https://www.progolfshirts.com/",
"http://www.personalized-tee-shirts.com",
"https://www.tkmaxx.com/",
"http://www.upscalestripper.com",
"https://www.vanmildert.com/",
"https://www.handinhandbags.com/",
"https://www.proenzaschouler.com/",
"https://www.progolfshirts.com/",
"http://www.personalized-tee-shirts.com",
"https://www.tkmaxx.com/",
"http://www.upscalestripper.com",
"https://www.vanmildert.com/",
"https://www.handinhandbags.com/",
"https://www.proenzaschouler.com/",
"https://www.progolfshirts.com/",
"http://www.personalized-tee-shirts.com",
"https://www.tkmaxx.com/",
"http://www.upscalestripper.com",
"https://www.vanmildert.com/",
"https://www.handinhandbags.com/",
"https://www.proenzaschouler.com/",
"https://www.progolfshirts.com/",
"http://www.personalized-tee-shirts.com",
"https://www.tkmaxx.com/",
"http://www.upscalestripper.com",
"https://www.vanmildert.com/",
"https://www.handinhandbags.com/",
"https://www.proenzaschouler.com/",
"https://www.progolfshirts.com/",
"http://www.personalized-tee-shirts.com",
"https://www.tkmaxx.com/",
"http://www.upscalestripper.com",
"https://www.vanmildert.com/",
"https://www.handinhandbags.com/",
"https://www.vgplasticsurgery.com",
"https://marriagequest.org/",
"https://www.irvinebankruptcylaw.com/",
"https://www.philadelphiacommercialappraisers.com",
"https://www.dhcoit.co.uk/",
"https://www.drain247.co.uk/",
"https://www.mickelsendalton.com/",
"https://democrawonk.com",
"https://www.odysseynewmedia.com/",
"https://www.visionsbyconcrete.com/",
"https://www.masterpiecepavers.com/",
"https://www.pbgrentacar.gr/",
"https://midwestsupplyus.com/",
"https://controlpestmanagement.com.au/locations/brisbane-pest-control/",
"https://www.newarkcommercialappraisers.com",
"https://www.jeffersoncommercialappraisers.com",
"https://www.drryanstanton.com/",
"https://www.bryanarmijomd.com/",
"https://www.tucsoncommercialappraisers.com",
"https://www.elpasocommercialappraisals.com",
"https://ceremoni.ca",
"https://www.forsale.plus",
"https://www.gifthampersireland.com/",
"https://www.gifthampersuk.co.uk/",
"https://glowtogrowcandle.com",
"https://greatcoffeebrewers.com/",
"https://kedzie.com/",
"https://miaava.com",
"https://onlineshopping.help",
"https://www.pricecheckhq.com/",
"https://ravecoffee.co.uk/",
"https://several.com",
"http://www.bedforbeds.co.uk",
"https://www.bizrate.com/",
"http://www.dealfy.co.uk",
"https://floorjacktips.com/",
"https://www.glassdiningtables.co.uk",
"https://www.fireworks.us/",
"https://www.mensfashionclothing.co.uk/",
"https://www.nattyshirts.com/",
"https://noveltystreet.com",
"https://www.shoplocal.com/",
"http://www.surveycares.com",
"http://thestore.com",
"https://www.tigerspecs.co.uk/",
"https://www.tradebearings.com",
"http://www.cutelittleclothes.com",
"https://www.sophiasstyle.com/",
"https://bourjoisbespoke.com/",
"http://www.getrealclothes.com/",
"http://www.shortmenssizes.com/",
"https://www.workersland.com",
"https://www.angryyoungandpoor.com/store/pc/home.asp",
"https://www.gojane.com/",
"https://www.hottopic.com/",
"https://www.lulus.com/",
"https://www.newlook.com/shop/teens/",
"https://www.pacsun.com/",
"https://www.shopstyle.com/browse/teen-guys-clothes",
"https://www.surfanddirt.com/",
"https://www.amazingdupes.com",
"https://www.doodiestark.co.uk/",
"https://onsboutique.com.au",
"https://tashaapparel.com",
"https://www.kneehighsocks.org/",
"https://www.gracematernityclothes.com/",
"https://www.lashkaraa.com/",
"https://en-ae.namshi.com",
"https://www.punkabilly-clothing.com",
"http://www.purse-obsession.com",
"https://www.springimport.com",
"https://www.etsy.com/",
"https://www.evaleather.com/en/",
"https://www.eye-shop.gr/",
"https://www.fishtailparkas.com/",
"http://www.feclothing.com/",
"https://www.furgilets.co.uk/",
"https://www.novo-eyewear.com/",
"https://www.etsy.com/",
"https://www.evaleather.com/en/",
"https://www.eye-shop.gr/",
"https://www.fishtailparkas.com/",
"http://www.feclothing.com/",
"https://www.furgilets.co.uk/",
"https://www.novo-eyewear.com/",
"https://www.etsy.com/",
"https://www.evaleather.com/en/",
"https://www.eye-shop.gr/",
"https://www.fishtailparkas.com/",
"http://www.feclothing.com/",
"https://www.furgilets.co.uk/",
"https://www.novo-eyewear.com/",
"https://www.etsy.com/",
"https://www.evaleather.com/en/",
"https://www.eye-shop.gr/",
"https://www.fishtailparkas.com/",
"http://www.feclothing.com/",
"https://www.furgilets.co.uk/",
"https://www.novo-eyewear.com/",
"https://hellomello.com/",
"https://www.missliberty.co.za/",
"https://tshirtatlowprice.com",
"https://www.wishirt.com",
"https://www.zesti.co.uk/",
"https://www.awawork.com/",
"https://www.brantano.co.uk/",
"https://www.coes.co.uk/",
"https://www.damart.co.uk/",
"https://dardanos.com/",
"https://www.deoveritas.com/",
"https://www.dqt.co.uk",
"https://www.dress2party.net/",
"https://www.etsy.com/",
"https://www.evaleather.com/en/",
"https://www.eye-shop.gr/",
"https://www.fishtailparkas.com/",
"http://www.feclothing.com/",
"https://www.furgilets.co.uk/",
"https://www.novo-eyewear.com/",
"https://www.proenzaschouler.com/",
"https://www.progolfshirts.com/",
"http://www.personalized-tee-shirts.com",
"https://www.tkmaxx.com/",
"http://www.upscalestripper.com",
"https://www.vanmildert.com/",
"https://www.handinhandbags.com/",
"https://www.etsy.com/",
"https://www.evaleather.com/en/",
"https://www.eye-shop.gr/",
"https://www.fishtailparkas.com/",
"http://www.feclothing.com/",
"https://www.furgilets.co.uk/",
"https://www.novo-eyewear.com/",
"https://www.etsy.com/",
"https://www.evaleather.com/en/",
"https://www.eye-shop.gr/",
"https://www.fishtailparkas.com/",
"http://www.feclothing.com/",
"https://www.furgilets.co.uk/",
"https://www.novo-eyewear.com/",
"https://www.etsy.com/",
"https://www.evaleather.com/en/",
"https://www.eye-shop.gr/",
"https://www.fishtailparkas.com/",
"http://www.feclothing.com/",
"https://www.furgilets.co.uk/",
"https://www.novo-eyewear.com/",
"https://www.etsy.com/",
"https://www.evaleather.com/en/",
"https://www.eye-shop.gr/",
"https://www.fishtailparkas.com/",
"http://www.feclothing.com/",
"https://www.furgilets.co.uk/",
"https://www.novo-eyewear.com/",
"https://www.vgplasticsurgery.com",
"https://marriagequest.org/",
"https://www.irvinebankruptcylaw.com/",
"https://www.philadelphiacommercialappraisers.com",
"https://www.dhcoit.co.uk/",
"https://www.drain247.co.uk/",
"https://www.mickelsendalton.com/",
"https://democrawonk.com",
"https://www.odysseynewmedia.com/",
"https://www.visionsbyconcrete.com/",
"https://www.masterpiecepavers.com/",
"https://www.pbgrentacar.gr/",
"https://midwestsupplyus.com/",
"https://controlpestmanagement.com.au/locations/brisbane-pest-control/",
"https://www.newarkcommercialappraisers.com",
"https://www.jeffersoncommercialappraisers.com",
"https://www.drryanstanton.com/",
"https://www.bryanarmijomd.com/",
"https://www.tucsoncommercialappraisers.com",
"https://www.elpasocommercialappraisals.com",
"https://ceremoni.ca",
"https://www.forsale.plus",
"https://www.gifthampersireland.com/",
"https://www.gifthampersuk.co.uk/",
"https://glowtogrowcandle.com",
"https://greatcoffeebrewers.com/",
"https://kedzie.com/",
"https://miaava.com",
"https://onlineshopping.help",
"https://www.pricecheckhq.com/",
"https://ravecoffee.co.uk/",
"https://several.com",
"http://www.bedforbeds.co.uk",
"https://www.bizrate.com/",
"http://www.dealfy.co.uk",
"https://floorjacktips.com/",
"https://www.glassdiningtables.co.uk",
"https://www.fireworks.us/",
"https://www.mensfashionclothing.co.uk/",
"https://www.nattyshirts.com/",
"https://noveltystreet.com",
"https://www.shoplocal.com/",
"http://www.surveycares.com",
"http://thestore.com",
"https://www.tigerspecs.co.uk/",
"https://www.tradebearings.com",
"http://www.cutelittleclothes.com",
"https://www.sophiasstyle.com/",
"https://bourjoisbespoke.com/",
"http://www.getrealclothes.com/",
"http://www.shortmenssizes.com/",
"https://www.workersland.com",
"https://www.angryyoungandpoor.com/store/pc/home.asp",
"https://www.gojane.com/",
"https://www.hottopic.com/",
"https://www.lulus.com/",
"https://www.newlook.com/shop/teens/",
"https://www.pacsun.com/",
"https://www.shopstyle.com/browse/teen-guys-clothes",
"https://www.surfanddirt.com/",
"https://www.amazingdupes.com",
"https://www.doodiestark.co.uk/",
"https://onsboutique.com.au",
"https://tashaapparel.com",
"https://www.kneehighsocks.org/",
"https://www.gracematernityclothes.com/",
"https://www.lashkaraa.com/",
"https://en-ae.namshi.com",
"https://www.punkabilly-clothing.com",
"http://www.purse-obsession.com",
"https://www.springimport.com",
"https://hellomello.com/",
"https://www.missliberty.co.za/",
"https://tshirtatlowprice.com",
"https://www.wishirt.com",
"https://www.zesti.co.uk/",
"https://www.awawork.com/",
"https://www.brantano.co.uk/",
"https://www.coes.co.uk/",
"https://www.damart.co.uk/",
"https://dardanos.com/",
"https://www.deoveritas.com/",
"https://www.dqt.co.uk",
"https://www.dress2party.net/",
"https://www.etsy.com/",
"https://www.evaleather.com/en/",
"https://www.eye-shop.gr/",
"https://www.fishtailparkas.com/",
"http://www.feclothing.com/",
"https://www.furgilets.co.uk/",
"https://www.novo-eyewear.com/",
"https://www.proenzaschouler.com/",
"https://www.progolfshirts.com/",
"http://www.personalized-tee-shirts.com",
"https://www.tkmaxx.com/",
"http://www.upscalestripper.com",
"https://www.vanmildert.com/",
"https://www.handinhandbags.com/",
"https://hellomello.com/",
"https://www.missliberty.co.za/",
"https://tshirtatlowprice.com",
"https://www.wishirt.com",
"https://www.zesti.co.uk/",
"https://www.awawork.com/",
"https://www.brantano.co.uk/",
"https://www.coes.co.uk/",
"https://www.damart.co.uk/",
"https://dardanos.com/",
"https://www.deoveritas.com/",
"https://www.dqt.co.uk",
"https://www.dress2party.net/",
"https://www.etsy.com/",
"https://www.evaleather.com/en/",
"https://www.eye-shop.gr/",
"https://www.fishtailparkas.com/",
"http://www.feclothing.com/",
"https://www.furgilets.co.uk/",
"https://www.novo-eyewear.com/",
"https://www.proenzaschouler.com/",
"https://www.progolfshirts.com/",
"http://www.personalized-tee-shirts.com",
"https://www.tkmaxx.com/",
"http://www.upscalestripper.com",
"https://www.vanmildert.com/",
"https://www.handinhandbags.com/",
"https://www.proenzaschouler.com/",
"https://www.progolfshirts.com/",
"http://www.personalized-tee-shirts.com",
"https://www.tkmaxx.com/",
"http://www.upscalestripper.com",
"https://www.vanmildert.com/",
"https://www.handinhandbags.com/",
"https://www.proenzaschouler.com/",
"https://www.progolfshirts.com/",
"http://www.personalized-tee-shirts.com",
"https://www.tkmaxx.com/",
"http://www.upscalestripper.com",
"https://www.vanmildert.com/",
"https://www.handinhandbags.com/",
"https://www.proenzaschouler.com/",
"https://www.progolfshirts.com/",
"http://www.personalized-tee-shirts.com",
"https://www.tkmaxx.com/",
"http://www.upscalestripper.com",
"https://www.vanmildert.com/",
"https://www.handinhandbags.com/",
"https://www.proenzaschouler.com/",
"https://www.progolfshirts.com/",
"http://www.personalized-tee-shirts.com",
"https://www.tkmaxx.com/",
"http://www.upscalestripper.com",
"https://www.vanmildert.com/",
"https://www.handinhandbags.com/",
"https://www.proenzaschouler.com/",
"https://www.progolfshirts.com/",
"http://www.personalized-tee-shirts.com",
"https://www.tkmaxx.com/",
"http://www.upscalestripper.com",
"https://www.vanmildert.com/",
"https://www.handinhandbags.com/",
"https://www.proenzaschouler.com/",
"https://www.progolfshirts.com/",
"http://www.personalized-tee-shirts.com",
"https://www.tkmaxx.com/",
"http://www.upscalestripper.com",
"https://www.vanmildert.com/",
"https://www.handinhandbags.com/",
"https://www.vgplasticsurgery.com",
"https://marriagequest.org/",
"https://www.irvinebankruptcylaw.com/",
"https://www.philadelphiacommercialappraisers.com",
"https://www.dhcoit.co.uk/",
"https://www.drain247.co.uk/",
"https://www.mickelsendalton.com/",
"https://democrawonk.com",
"https://www.odysseynewmedia.com/",
"https://www.visionsbyconcrete.com/",
"https://www.masterpiecepavers.com/",
"https://www.pbgrentacar.gr/",
"https://midwestsupplyus.com/",
"https://controlpestmanagement.com.au/locations/brisbane-pest-control/",
"https://www.newarkcommercialappraisers.com",
"https://www.jeffersoncommercialappraisers.com",
"https://www.drryanstanton.com/",
"https://www.bryanarmijomd.com/",
"https://www.tucsoncommercialappraisers.com",
"https://www.elpasocommercialappraisals.com",
"https://www.apnic.net/",
"https://en.wikipedia.org/wiki/Asia",
"https://en.wikipedia.org/wiki/Europe",
"https://www.nationalgeographic.com/",
"https://library.novascotia.ca/",
"https://www.fonnovaluminium.com",
"http://www.beyochem.com/.",
"https://www.rotam.com/rt2/home/index.html",
"https://www.kamadelivery.com",
"https://www.conpak.com/",
"https://www.hkca.com.hk/",
"https://www.investhk.gov.hk/index.html",
"https://www.oceanpark.com.hk/html/en/home/",
"https://www.gov.hk/en/residents/transport/publictransport/",
"https://www.website-solution.net/",
"http://www.art.in/",
"http://www.idc.iitb.ac.in/",
"http://www.indianartandartists.com/",
"https://kathalaya.org/",
"http://www.marg-art.org/",
"https://pearlacademy.com/",
"https://www.taruntahiliani.com/",
"https://india.tradeford.com/",
"https://www.maldives.com/",
"http://www.dakbayan.ph",
"https://testpapers.com.sg",
"https://singaporeairconservices.com",
"https://www.beyond.org.sg/",
"https://www.citynomads.com/",
"https://www.singstat.gov.sg/",
"https://dwaircon.com/",
"https://www.elveslab.com/",
"https://www.fnp.sg",
"https://funeralservicessingapore.org",
"https://www.heartware.org/",
"https://www.lta.gov.sg/content/ltaweb/en.html",
"http://www.nyaa.org/",
"http://www.penguin.com.sg/",
"https://www.gov.sg/",
"https://www.mpa.gov.sg/",
"https://pantip.com/",
"https://www.phuketwheels.com/",
"https://www.volunteerlatinamerica.com/",
"https://www.tourismthailand.org/",
"https://www.tripadvisor.com/",
"https://dubaipools.ae/",
"https://discoverdesertsafari.com",
"https://www.vgplasticsurgery.com",
"https://marriagequest.org/",
"https://www.irvinebankruptcylaw.com/",
"https://www.philadelphiacommercialappraisers.com",
"https://www.dhcoit.co.uk/",
"https://www.drain247.co.uk/",
"https://www.mickelsendalton.com/",
"https://democrawonk.com",
"https://www.odysseynewmedia.com/",
"https://www.visionsbyconcrete.com/",
"https://www.masterpiecepavers.com/",
"https://www.pbgrentacar.gr/",
"https://midwestsupplyus.com/",
"https://controlpestmanagement.com.au/locations/brisbane-pest-control/",
"https://www.newarkcommercialappraisers.com",
"https://www.jeffersoncommercialappraisers.com",
"https://www.drryanstanton.com/",
"https://www.bryanarmijomd.com/",
"https://www.tucsoncommercialappraisers.com",
"https://www.elpasocommercialappraisals.com",
"https://www.apnic.net/",
"https://en.wikipedia.org/wiki/Asia",
"https://en.wikipedia.org/wiki/Europe",
"https://www.nationalgeographic.com/",
"https://library.novascotia.ca/",
"https://www.belgium.be/en",
"https://www.diplobel.us/",
"https://www.kuleuven.be/english",
"https://www.visitbelgium.com/",
"https://www.vlada.cz/",
"https://www.nkp.cz/",
"https://www.hrad.cz/",
"https://www.radio.cz/",
"https://www.bis.cz/",
"https://www.axialis.com/",
"https://www.evolis.com/",
"https://www.infovista.com/",
"https://www.fertilizer.org/",
"https://www.letour.fr/us/",
"https://www.whatsupgold.com/",
"https://petersen-einrichtungen.de/",
"https://www.bild.de/",
"https://www.coherent.de/",
"https://www.bildungsserver.de/start.html",
"https://www.hairforlife.info/de",
"https://www.gls-german-courses.de/",
"https://socialtrading.info/",
"https://www.bundesregierung.de/Webs/Breg/EN/Homepage/_node.html",
"https://www.shiply.com/de/umzug/",
"https://www.winmagic.com/",
"https://www.pbgrentacar.gr/",
"https://www.greeka.com/",
"https://www.klik.gr/",
"https://www.budapest.com/",
"https://www.budapestsun.com/",
"https://www.centralbank.ie/",
"https://www.easonschoolbooks.com/",
"https://www.independent.ie/",
"https://nonaams.com",
"http://www.smaf-legal.com",
"https://www.lifeinitaly.com/culture",
"https://en.wikipedia.org/wiki/Healthcare_in_Italy",
"http://www.eventplanningamsterdam.com",
"https://www.government.nl/",
"https://www.studyinholland.nl/",
"https://www.xn--billigeforbruksln-orb.no",
"https://xn--forbruksln-listen-hrb.no/",
"https://www.xn--forbruksln-95a.no",
"https://kryptolisten.no/",
"https://www.matkasse.guide/",
"https://xn--byttstrmmen-mgb.no/",
"https://www.energyrent.no/",
"https://www.isstavanger.no/",
"https://www.kredittkortinfo.no/",
"https://www.refinansiere.net/",
"https://www.sos-barnebyer.no/",
