"http://www.govanuatu.com/",
"http://www.honeymoonvanuatu.com/",
"https://www.casadevenezuela.net/",
"https://www.autoinsuresavings.org/vermont-cheapest-car-insurance/",
"http://www.fgbtheaters.com/",
"https://www.vermont.gov/",
"https://www.uvm.edu/",
"http://www.vermontcrafts.com/",
"https://www.vermontjudiciary.org/default.aspx",
"https://vermont.gov/portal/",
"https://jatinagroup.com",
"https://www.dreamvillarentals.com",
"https://www.alilahotels.com/uluwatu",
"https://www.booking.com/",
"https://www.clickstay.com",
"https://www.holidaylettings.co.uk/",
"https://www.luxuryretreats.com/",
"https://www.villasofdistinction.com/",
"https://www.visit2odessa.com/villa-houses/",
"https://www.autoinsuresavings.org/virginia-cheapest-car-insurance/",
"https://www.eastcoastpw.com/",
"http://www.portofvirginia.com/",
"https://www.virginia.edu",
"https://www.artisanxphotography.co.uk",
"https://www.brettcurrie.com",
"https://craigwilliams.net",
"https://danmorrisphotography.co.uk",
"https://epiclovephotography.com/best-places-to-elope-in-ireland/",
"https://www.lukehayden.co.uk/",
"https://mikistudios.com",
"https://vonnagy.com",
"https://sophiecrewphotography.com",
"https://www.stewalkerphotography.com",
"https://www.leightontheaccolade.com/",
"https://www.yorkplacestudios.co.uk/",
"https://www.absolutearts.com/",
"https://www.aaea.net/",
"https://www.awn.com/",
"https://www.artrenewal.org/",
"http://www.avataq.qc.ca/",
"https://www.cartoonbrew.com/",
"https://folkart.org/",
"https://www.incompetech.com/art/",
"https://beinart.org/",
"https://www.memes.com/",
"https://thenawa.org/",
"https://www.passionforpaintings.com/",
"http://www.prawny.me.uk",
"https://www.bcdb.com/",
"http://www.foolfactory.com/",
"https://www.nationalgallery.org.uk/",
"https://www.ugallery.com/",
"http://www.watchmoviestream.com",
"https://www.wga.hu/",
